Wk,Day,Date,Time,Home,xG_home,Score,xG_away,Away,Attendance,Venue,Referee,Match Report,Notes,clueless
1,Fri,2022-08-05,20:30,Eint Frankfurt,0.9,1–6,4.0,Bayern Munich,51,500,Deutsche Bank Park,Deniz Aytekin,Match Report,
1,Sat,2022-08-06,15:30,Wolfsburg,1.0,2–2,0.8,Werder Bremen,28,015,Volkswagen Arena,Sascha Stegemann,Match Report,
1,Sat,2022-08-06,15:30,Augsburg,0.7,0–4,1.3,Freiburg,25,310,WWK Arena,Bastian Dankert,Match Report,
1,Sat,2022-08-06,15:30,Union Berlin,1.0,3–1,0.3,Hertha BSC,22,012,Stadion An der Alten Försterei,Marco Fritz,Match Report,
1,Sat,2022-08-06,15:30,M'Gladbach,1.9,3–1,0.1,Hoffenheim,49,659,Stadion im Borussia-Park,Daniel Siebert,Match Report,
1,Sat,2022-08-06,15:30,Bochum,0.9,1–2,1.4,Mainz 05,24,110,Vonovia Ruhrstadion,Felix Zwayer,Match Report,
1,Sat,2022-08-06,18:30,Dortmund,1.8,1–0,1.3,Leverkusen,81,365,Signal Iduna Park,Felix Brych,Match Report,
1,Sun,2022-08-07,15:30,Stuttgart,0.8,1–1,1.6,RB Leipzig,46,000,Mercedes-Benz Arena,Tobias Stieler,Match Report,
1,Sun,2022-08-07,17:30,Köln,4.1,3–1,0.2,Schalke 04,50,000,RheinEnergieSTADION,Robert Schröder,Match Report,
2,Fri,2022-08-12,20:30,Freiburg,1.0,1–3,1.1,Dortmund,34,700,Europa-Park Stadion,Tobias Welz,Match Report,
2,Sat,2022-08-13,15:30,Hoffenheim,2.6,3–2,1.5,Bochum,17,005,PreZero Arena,Patrick Ittrich,Match Report,
2,Sat,2022-08-13,15:30,Werder Bremen,0.5,2–2,1.4,Stuttgart,41,000,Wohninvest Weserstadion,Robert Hartmann,Match Report,
2,Sat,2022-08-13,15:30,Leverkusen,2.5,1–2,0.4,Augsburg,22,903,BayArena,Benjamin Cortus,Match Report,
2,Sat,2022-08-13,15:30,RB Leipzig,1.0,2–2,1.5,Köln,49,579,Red Bull Arena,Benjamin Brand,Match Report,
2,Sat,2022-08-13,15:30,Hertha BSC,1.7,1–1,1.6,Eint Frankfurt,45,000,Olympiastadion Berlin,Frank Willenborg,Match Report,
2,Sat,2022-08-13,18:30,Schalke 04,1.4,2–2,1.3,M'Gladbach,62,271,Veltins-Arena,Sven Jablonski,Match Report,
2,Sun,2022-08-14,15:30,Mainz 05,0.7,0–0,0.4,Union Berlin,25,009,Mewa Arena,Daniel Schlager,Match Report,
2,Sun,2022-08-14,17:30,Bayern Munich,2.0,2–0,0.5,Wolfsburg,75,000,Allianz Arena,Harm Osmers,Match Report,
3,Fri,2022-08-19,20:30,M'Gladbach,2.7,1–0,1.0,Hertha BSC,48,411,Stadion im Borussia-Park,Matthias Jöllenbeck,Match Report,
3,Sat,2022-08-20,15:30,Leverkusen,1.2,0–3,1.5,Hoffenheim,26,300,BayArena,Tobias Reichel,Match Report,
3,Sat,2022-08-20,15:30,Augsburg,0.5,1–2,2.1,Mainz 05,23,755,WWK Arena,Sascha Stegemann,Match Report,
3,Sat,2022-08-20,15:30,Stuttgart,0.9,0–1,0.6,Freiburg,47,500,Mercedes-Benz Arena,Felix Brych,Match Report,
3,Sat,2022-08-20,15:30,Dortmund,0.5,2–3,1.3,Werder Bremen,81,365,Signal Iduna Park,Florian Badstübner,Match Report,
3,Sat,2022-08-20,15:30,Wolfsburg,1.3,0–0,1.1,Schalke 04,26,959,Volkswagen Arena,Felix Zwayer,Match Report,
3,Sat,2022-08-20,18:30,Union Berlin,0.7,2–1,0.9,RB Leipzig,21,056,Stadion An der Alten Försterei,Deniz Aytekin,Match Report,
3,Sun,2022-08-21,15:30,Eint Frankfurt,0.9,1–1,0.3,Köln,50,800,Deutsche Bank Park,Martin Petersen,Match Report,
3,Sun,2022-08-21,17:30,Bochum,0.7,0–7,2.9,Bayern Munich,26,000,Vonovia Ruhrstadion,Daniel Siebert,Match Report,
4,Fri,2022-08-26,20:30,Freiburg,3.9,1–0,1.2,Bochum,32,800,Europa-Park Stadion,Marco Fritz,Match Report,
4,Sat,2022-08-27,15:30,Hoffenheim,1.9,1–0,0.6,Augsburg,17,206,PreZero Arena,Tobias Welz,Match Report,
4,Sat,2022-08-27,15:30,Mainz 05,1.4,0–3,1.9,Leverkusen,28,500,Mewa Arena,Christian Dingert,Match Report,
4,Sat,2022-08-27,15:30,RB Leipzig,3.5,2–0,0.5,Wolfsburg,41,243,Red Bull Arena,Bastian Dankert,Match Report,
4,Sat,2022-08-27,15:30,Schalke 04,1.9,1–6,1.1,Union Berlin,62,271,Veltins-Arena,Robert Hartmann,Match Report,
4,Sat,2022-08-27,15:30,Hertha BSC,0.5,0–1,2.7,Dortmund,62,142,Olympiastadion Berlin,Tobias Stieler,Match Report,
4,Sat,2022-08-27,18:30,Bayern Munich,2.8,1–1,0.5,M'Gladbach,75,000,Allianz Arena,Daniel Schlager,Match Report,
4,Sun,2022-08-28,15:30,Köln,0.6,0–0,2.1,Stuttgart,50,000,RheinEnergieSTADION,Harm Osmers,Match Report,
4,Sun,2022-08-28,17:30,Werder Bremen,1.8,3–4,1.8,Eint Frankfurt,41,000,Wohninvest Weserstadion,Patrick Ittrich,Match Report,
5,Fri,2022-09-02,20:30,Dortmund,2.0,1–0,0.5,Hoffenheim,79,300,Signal Iduna Park,Daniel Siebert,Match Report,
5,Sat,2022-09-03,15:30,Stuttgart,0.6,1–1,2.3,Schalke 04,47,500,Mercedes-Benz Arena,Florian Badstübner,Match Report,
5,Sat,2022-09-03,15:30,Bochum,0.8,0–2,2.0,Werder Bremen,25,800,Vonovia Ruhrstadion,Robert Schröder,Match Report,
5,Sat,2022-09-03,15:30,Union Berlin,0.3,1–1,1.5,Bayern Munich,22,012,Stadion An der Alten Försterei,Frank Willenborg,Match Report,
5,Sat,2022-09-03,15:30,Leverkusen,1.8,2–3,1.9,Freiburg,26,853,BayArena,Sascha Stegemann,Match Report,
5,Sat,2022-09-03,15:30,Wolfsburg,1.0,2–4,2.7,Köln,25,654,Volkswagen Arena,Matthias Jöllenbeck,Match Report,
5,Sat,2022-09-03,18:30,Eint Frankfurt,3.1,4–0,0.2,RB Leipzig,49,700,Deutsche Bank Park,Felix Brych,Match Report,
5,Sun,2022-09-04,15:30,Augsburg,0.4,0–2,2.1,Hertha BSC,25,789,WWK Arena,Harm Osmers,Match Report,
5,Sun,2022-09-04,17:30,M'Gladbach,1.2,0–1,0.6,Mainz 05,51,210,Stadion im Borussia-Park,Deniz Aytekin,Match Report,
6,Fri,2022-09-09,20:30,Werder Bremen,1.3,0–1,1.0,Augsburg,41,000,Wohninvest Weserstadion,Martin Petersen,Match Report,
6,Sat,2022-09-10,15:30,Bayern Munich,2.2,2–2,1.2,Stuttgart,75,000,Allianz Arena,Christian Dingert,Match Report,
6,Sat,2022-09-10,15:30,Eint Frankfurt,0.7,0–1,1.0,Wolfsburg,49,000,Deutsche Bank Park,Tobias Reichel,Match Report,
6,Sat,2022-09-10,15:30,Hertha BSC,1.9,2–2,1.3,Leverkusen,40,643,Olympiastadion Berlin,Benjamin Brand,Match Report,
6,Sat,2022-09-10,15:30,Hoffenheim,4.2,4–1,0.7,Mainz 05,20,114,PreZero Arena,Daniel Schlager,Match Report,
6,Sat,2022-09-10,15:30,RB Leipzig,2.0,3–0,0.6,Dortmund,47,069,Red Bull Arena,Sven Jablonski,Match Report,
6,Sat,2022-09-10,18:30,Schalke 04,1.5,3–1,1.1,Bochum,62,041,Veltins-Arena,Felix Zwayer,Match Report,
6,Sun,2022-09-11,15:30,Köln,0.6,0–1,1.5,Union Berlin,49,500,RheinEnergieSTADION,Benjamin Cortus,Match Report,
6,Sun,2022-09-11,17:30,Freiburg,1.1,0–0,1.2,M'Gladbach,34,700,Europa-Park Stadion,Tobias Stieler,Match Report,
7,Fri,2022-09-16,20:30,Mainz 05,0.7,1–1,0.4,Hertha BSC,25,300,Mewa Arena,Frank Willenborg,Match Report,
7,Sat,2022-09-17,15:30,Dortmund,1.8,1–0,0.1,Schalke 04,81,100,Signal Iduna Park,Felix Brych,Match Report,
7,Sat,2022-09-17,15:30,Leverkusen,1.8,1–1,2.1,Werder Bremen,30,210,BayArena,Tobias Welz,Match Report,
7,Sat,2022-09-17,15:30,Stuttgart,1.0,1–3,1.0,Eint Frankfurt,47,500,Mercedes-Benz Arena,Daniel Siebert,Match Report,
7,Sat,2022-09-17,15:30,Augsburg,1.7,1–0,1.6,Bayern Munich,30,660,WWK Arena,Marco Fritz,Match Report,
7,Sat,2022-09-17,18:30,M'Gladbach,2.7,3–0,0.9,RB Leipzig,50,186,Stadion im Borussia-Park,Patrick Ittrich,Match Report,
7,Sun,2022-09-18,15:30,Union Berlin,1.4,2–0,0.3,Wolfsburg,22,012,Stadion An der Alten Försterei,Robert Schröder,Match Report,
7,Sun,2022-09-18,17:30,Bochum,0.2,1–1,2.1,Köln,25,800,Vonovia Ruhrstadion,Bastian Dankert,Match Report,
7,Sun,2022-09-18,19:30,Hoffenheim,0.7,0–0,1.0,Freiburg,24,233,PreZero Arena,Deniz Aytekin,Match Report,
8,Fri,2022-09-30,20:30,Bayern Munich,1.9,4–0,0.8,Leverkusen,75,000,Allianz Arena,Tobias Stieler,Match Report,
8,Sat,2022-10-01,15:30,Freiburg,2.0,2–1,1.6,Mainz 05,34,700,Europa-Park Stadion,Sven Jablonski,Match Report,
8,Sat,2022-10-01,15:30,Eint Frankfurt,0.8,2–0,1.0,Union Berlin,50,500,Deutsche Bank Park,Sascha Stegemann,Match Report,
8,Sat,2022-10-01,15:30,Köln,1.9,3–2,2.5,Dortmund,50,000,RheinEnergieSTADION,Harm Osmers,Match Report,
8,Sat,2022-10-01,15:30,Wolfsburg,2.0,3–2,1.5,Stuttgart,24,125,Volkswagen Arena,Felix Zwayer,Match Report,
8,Sat,2022-10-01,15:30,RB Leipzig,3.9,4–0,0.1,Bochum,44,403,Red Bull Arena,Florian Badstübner,Match Report,
8,Sat,2022-10-01,18:30,Werder Bremen,1.9,5–1,2.3,M'Gladbach,42,100,Wohninvest Weserstadion,Matthias Jöllenbeck,Match Report,
8,Sun,2022-10-02,15:30,Hertha BSC,0.9,1–1,1.4,Hoffenheim,41,653,Olympiastadion Berlin,Christian Dingert,Match Report,
8,Sun,2022-10-02,17:30,Schalke 04,1.8,2–3,1.4,Augsburg,60,328,Veltins-Arena,Daniel Schlager,Match Report,
9,Fri,2022-10-07,20:30,Hoffenheim,1.7,1–2,1.3,Werder Bremen,25,410,PreZero Arena,Benjamin Cortus,Match Report,
9,Sat,2022-10-08,15:30,Bochum,0.6,3–0,0.9,Eint Frankfurt,24,850,Vonovia Ruhrstadion,Martin Petersen,Match Report,
9,Sat,2022-10-08,15:30,Mainz 05,0.6,1–1,1.0,RB Leipzig,26,100,Mewa Arena,Felix Brych,Match Report,
9,Sat,2022-10-08,15:30,Augsburg,2.0,1–1,1.8,Wolfsburg,26,220,WWK Arena,Daniel Siebert,Match Report,
9,Sat,2022-10-08,15:30,Leverkusen,1.5,4–0,0.4,Schalke 04,30,210,BayArena,Tobias Reichel,Match Report,
9,Sat,2022-10-08,18:30,Dortmund,1.6,2–2,0.6,Bayern Munich,81,365,Signal Iduna Park,Deniz Aytekin,Match Report,
9,Sun,2022-10-09,15:30,M'Gladbach,3.0,5–2,1.3,Köln,54,042,Stadion im Borussia-Park,Sven Jablonski,Match Report,
9,Sun,2022-10-09,17:30,Hertha BSC,1.6,2–2,1.0,Freiburg,40,481,Olympiastadion Berlin,Robert Schröder,Match Report,
9,Sun,2022-10-09,19:30,Stuttgart,1.0,0–1,0.7,Union Berlin,43,250,Mercedes-Benz Arena,Bastian Dankert,Match Report,
10,Fri,2022-10-14,20:30,Schalke 04,0.7,0–3,3.2,Hoffenheim,59,811,Veltins-Arena,Florian Badstübner,Match Report,
10,Sat,2022-10-15,15:30,Wolfsburg,1.8,2–2,0.8,M'Gladbach,26,701,Volkswagen Arena,Benjamin Cortus,Match Report,
10,Sat,2022-10-15,15:30,Eint Frankfurt,3.9,5–1,0.4,Leverkusen,49,700,Deutsche Bank Park,Frank Willenborg,Match Report,
10,Sat,2022-10-15,15:30,Werder Bremen,1.3,0–2,1.1,Mainz 05,41,000,Wohninvest Weserstadion,Robert Hartmann,Match Report,
10,Sat,2022-10-15,15:30,Stuttgart,2.2,4–1,1.6,Bochum,45,400,Mercedes-Benz Arena,Christian Dingert,Match Report,
10,Sat,2022-10-15,18:30,RB Leipzig,2.9,3–2,2.3,Hertha BSC,47,069,Red Bull Arena,Harm Osmers,Match Report,
10,Sun,2022-10-16,15:30,Köln,1.5,3–2,0.4,Augsburg,49,000,RheinEnergieSTADION,Felix Zwayer,Match Report,
10,Sun,2022-10-16,17:30,Union Berlin,1.9,2–0,0.8,Dortmund,22,012,Stadion An der Alten Försterei,Tobias Stieler,Match Report,
10,Sun,2022-10-16,19:30,Bayern Munich,2.1,5–0,0.3,Freiburg,75,000,Allianz Arena,Sascha Stegemann,Match Report,
11,Fri,2022-10-21,20:30,Mainz 05,1.9,5–0,0.7,Köln,31,610,Mewa Arena,Matthias Jöllenbeck,Match Report,
11,Sat,2022-10-22,15:30,Leverkusen,2.2,2–2,1.2,Wolfsburg,26,294,BayArena,Felix Brych,Match Report,
11,Sat,2022-10-22,15:30,Hoffenheim,0.8,0–2,2.4,Bayern Munich,30,150,PreZero Arena,Sven Jablonski,Match Report,
11,Sat,2022-10-22,15:30,Dortmund,2.6,5–0,1.0,Stuttgart,81,365,Signal Iduna Park,Daniel Schlager,Match Report,
11,Sat,2022-10-22,15:30,Freiburg,2.9,2–0,0.5,Werder Bremen,34,700,Europa-Park Stadion,Bastian Dankert,Match Report,
11,Sat,2022-10-22,15:30,Augsburg,1.6,3–3,2.4,RB Leipzig,25,109,WWK Arena,Robert Schröder,Match Report,
11,Sat,2022-10-22,18:30,M'Gladbach,1.0,1–3,1.9,Eint Frankfurt,53,019,Stadion im Borussia-Park,Daniel Siebert,Match Report,
11,Sun,2022-10-23,15:30,Bochum,1.1,2–1,1.0,Union Berlin,25,460,Vonovia Ruhrstadion,Deniz Aytekin,Match Report,
11,Sun,2022-10-23,17:30,Hertha BSC,0.8,2–1,0.6,Schalke 04,60,165,Olympiastadion Berlin,Martin Petersen,Match Report,
12,Fri,2022-10-28,20:30,Werder Bremen,1.3,1–0,0.4,Hertha BSC,42,100,Wohninvest Weserstadion,Tobias Reichel,Match Report,
12,Sat,2022-10-29,15:30,Bayern Munich,3.1,6–2,2.2,Mainz 05,75,000,Allianz Arena,Felix Zwayer,Match Report,
12,Sat,2022-10-29,15:30,Wolfsburg,2.0,4–0,0.5,Bochum,24,037,Volkswagen Arena,Robert Hartmann,Match Report,
12,Sat,2022-10-29,15:30,RB Leipzig,1.2,2–0,0.1,Leverkusen,45,598,Red Bull Arena,Sven Jablonski,Match Report,
12,Sat,2022-10-29,15:30,Stuttgart,2.6,2–1,1.0,Augsburg,46,400,Mercedes-Benz Arena,Tobias Stieler,Match Report,
12,Sat,2022-10-29,18:30,Eint Frankfurt,1.9,1–2,0.6,Dortmund,50,000,Deutsche Bank Park,Sascha Stegemann,Match Report,
12,Sun,2022-10-30,15:30,Union Berlin,0.9,2–1,1.0,M'Gladbach,22,012,Stadion An der Alten Försterei,Harm Osmers,Match Report,
12,Sun,2022-10-30,17:30,Schalke 04,0.6,0–2,2.3,Freiburg,61,115,Veltins-Arena,Christian Dingert,Match Report,
12,Sun,2022-10-30,19:30,Köln,1.2,1–1,0.9,Hoffenheim,49,000,RheinEnergieSTADION,Frank Willenborg,Match Report,
13,Fri,2022-11-04,20:30,M'Gladbach,0.9,3–1,1.1,Stuttgart,53,178,Stadion im Borussia-Park,Matthias Jöllenbeck,Match Report,
13,Sat,2022-11-05,15:30,Dortmund,1.5,3–0,0.6,Bochum,81,365,Signal Iduna Park,Tobias Stieler,Match Report,
13,Sat,2022-11-05,15:30,Mainz 05,1.0,0–3,0.6,Wolfsburg,26,750,Mewa Arena,Daniel Siebert,Match Report,
13,Sat,2022-11-05,15:30,Augsburg,1.2,1–2,1.2,Eint Frankfurt,30,087,WWK Arena,Deniz Aytekin,Match Report,
13,Sat,2022-11-05,15:30,Hertha BSC,1.2,2–3,1.9,Bayern Munich,74,667,Olympiastadion Berlin,Bastian Dankert,Match Report,
13,Sat,2022-11-05,15:30,Hoffenheim,0.9,1–3,1.7,RB Leipzig,23,127,PreZero Arena,Martin Petersen,Match Report,
13,Sat,2022-11-05,18:30,Werder Bremen,1.0,2–1,1.4,Schalke 04,41,000,Wohninvest Weserstadion,Felix Brych,Match Report,
13,Sun,2022-11-06,15:30,Leverkusen,1.9,5–0,0.3,Union Berlin,30,210,BayArena,Robert Schröder,Match Report,
13,Sun,2022-11-06,17:30,Freiburg,1.4,2–0,0.5,Köln,33,800,Europa-Park Stadion,Florian Badstübner,Match Report,
14,Tue,2022-11-08,18:30,Wolfsburg,2.4,2–0,1.6,Dortmund,28,675,Volkswagen Arena,Christian Dingert,Match Report,
14,Tue,2022-11-08,20:30,Stuttgart,2.0,2–1,0.7,Hertha BSC,44,500,Mercedes-Benz Arena,Frank Willenborg,Match Report,
14,Tue,2022-11-08,20:30,Bochum,2.0,2–1,0.8,M'Gladbach,25,900,Vonovia Ruhrstadion,Daniel Schlager,Match Report,
14,Tue,2022-11-08,20:30,Bayern Munich,4.4,6–1,1.3,Werder Bremen,75,000,Allianz Arena,Robert Hartmann,Match Report,
14,Wed,2022-11-09,18:30,Köln,1.4,1–2,1.4,Leverkusen,50,000,RheinEnergieSTADION,Tobias Stieler,Match Report,
14,Wed,2022-11-09,20:30,Union Berlin,1.2,2–2,0.6,Augsburg,22,012,Stadion An der Alten Försterei,Sascha Stegemann,Match Report,
14,Wed,2022-11-09,20:30,Schalke 04,1.5,1–0,0.8,Mainz 05,58,256,Veltins-Arena,Tobias Reichel,Match Report,
14,Wed,2022-11-09,20:30,RB Leipzig,2.9,3–1,0.2,Freiburg,41,240,Red Bull Arena,Harm Osmers,Match Report,
14,Wed,2022-11-09,20:30,Eint Frankfurt,2.8,4–2,1.8,Hoffenheim,49,000,Deutsche Bank Park,Felix Zwayer,Match Report,
15,Fri,2022-11-11,20:30,M'Gladbach,2.1,4–2,3.0,Dortmund,54,042,Stadion im Borussia-Park,Sven Jablonski,Match Report,
15,Sat,2022-11-12,15:30,Augsburg,2.2,0–1,1.1,Bochum,28,011,WWK Arena,Felix Brych,Match Report,
15,Sat,2022-11-12,15:30,Hoffenheim,1.4,1–2,0.7,Wolfsburg,18,014,PreZero Arena,Daniel Schlager,Match Report,
15,Sat,2022-11-12,15:30,Werder Bremen,0.9,1–2,1.7,RB Leipzig,41,500,Wohninvest Weserstadion,Matthias Jöllenbeck,Match Report,
15,Sat,2022-11-12,15:30,Hertha BSC,1.8,2–0,1.8,Köln,60,827,Olympiastadion Berlin,Christian Dingert,Match Report,
15,Sat,2022-11-12,15:30,Leverkusen,1.6,2–0,0.3,Stuttgart,30,210,BayArena,Florian Badstübner,Match Report,
15,Sat,2022-11-12,18:30,Schalke 04,0.8,0–2,1.9,Bayern Munich,62,271,Veltins-Arena,Felix Zwayer,Match Report,
15,Sun,2022-11-13,15:30,Mainz 05,1.5,1–1,1.8,Eint Frankfurt,33,305,Mewa Arena,Robert Schröder,Match Report,
15,Sun,2022-11-13,17:30,Freiburg,2.3,4–1,1.7,Union Berlin,33,800,Europa-Park Stadion,Deniz Aytekin,Match Report,
16,Fri,2023-01-20,20:30,RB Leipzig,0.7,1–1,0.7,Bayern Munich,47,069,Red Bull Arena,Daniel Siebert,Match Report,
16,Sat,2023-01-21,15:30,Union Berlin,2.9,3–1,1.0,Hoffenheim,21,747,Stadion An der Alten Försterei,Robert Hartmann,Match Report,
16,Sat,2023-01-21,15:30,Stuttgart,1.6,1–1,1.4,Mainz 05,45,903,Mercedes-Benz Arena,Felix Brych,Match Report,
16,Sat,2023-01-21,15:30,Bochum,1.6,3–1,0.9,Hertha BSC,26,000,Vonovia Ruhrstadion,Martin Petersen,Match Report,
16,Sat,2023-01-21,15:30,Wolfsburg,2.7,6–0,0.7,Freiburg,25,849,Volkswagen Arena,Felix Zwayer,Match Report,
16,Sat,2023-01-21,15:30,Eint Frankfurt,1.2,3–0,1.8,Schalke 04,50,000,Deutsche Bank Park,Marco Fritz,Match Report,
16,Sat,2023-01-21,18:30,Köln,3.0,7–1,0.3,Werder Bremen,50,000,RheinEnergieSTADION,Robert Schröder,Match Report,
16,Sun,2023-01-22,15:30,Dortmund,2.9,4–3,1.7,Augsburg,81,365,Signal Iduna Park,Frank Willenborg,Match Report,
16,Sun,2023-01-22,17:30,M'Gladbach,1.0,2–3,2.0,Leverkusen,53,336,Stadion im Borussia-Park,Harm Osmers,Match Report,
17,Tue,2023-01-24,18:30,Schalke 04,0.7,1–6,2.7,RB Leipzig,56,841,Veltins-Arena,Benjamin Cortus,Match Report,
17,Tue,2023-01-24,20:30,Hoffenheim,2.0,2–2,0.8,Stuttgart,23,159,PreZero Arena,Florian Badstübner,Match Report,
17,Tue,2023-01-24,20:30,Hertha BSC,0.4,0–5,3.1,Wolfsburg,29,483,Olympiastadion Berlin,Tobias Reichel,Match Report,
17,Tue,2023-01-24,20:30,Bayern Munich,1.4,1–1,0.8,Köln,75,000,Allianz Arena,Tobias Stieler,Match Report,
17,Wed,2023-01-25,18:30,Mainz 05,1.2,1–2,1.5,Dortmund,31,500,Mewa Arena,Sascha Stegemann,Match Report,
17,Wed,2023-01-25,20:30,Werder Bremen,0.6,1–2,1.1,Union Berlin,41,500,Wohninvest Weserstadion,Bastian Dankert,Match Report,
17,Wed,2023-01-25,20:30,Freiburg,1.9,1–1,0.2,Eint Frankfurt,34,700,Europa-Park Stadion,Deniz Aytekin,Match Report,
17,Wed,2023-01-25,20:30,Augsburg,0.9,1–0,0.3,M'Gladbach,23,158,WWK Arena,Daniel Schlager,Match Report,
17,Wed,2023-01-25,20:30,Leverkusen,1.7,2–0,0.7,Bochum,25,820,BayArena,Timo Gerach,Match Report,
18,Fri,2023-01-27,20:30,RB Leipzig,1.0,2–1,1.7,Stuttgart,46,158,Red Bull Arena,Felix Zwayer,Match Report,
18,Sat,2023-01-28,15:30,Hoffenheim,1.8,1–4,1.7,M'Gladbach,24,119,PreZero Arena,Benjamin Brand,Match Report,
18,Sat,2023-01-28,15:30,Freiburg,1.7,3–1,1.7,Augsburg,33,500,Europa-Park Stadion,Christian Dingert,Match Report,
18,Sat,2023-01-28,15:30,Mainz 05,2.1,5–2,1.5,Bochum,23,300,Mewa Arena,Patrick Ittrich,Match Report,
18,Sat,2023-01-28,15:30,Werder Bremen,2.2,2–1,0.7,Wolfsburg,41,000,Wohninvest Weserstadion,Daniel Siebert,Match Report,
18,Sat,2023-01-28,15:30,Hertha BSC,0.5,0–2,1.0,Union Berlin,74,667,Olympiastadion Berlin,Felix Brych,Match Report,
18,Sat,2023-01-28,18:30,Bayern Munich,1.6,1–1,0.6,Eint Frankfurt,75,000,Allianz Arena,Sven Jablonski,Match Report,
18,Sun,2023-01-29,15:30,Schalke 04,1.2,0–0,0.3,Köln,61,571,Veltins-Arena,Matthias Jöllenbeck,Match Report,
18,Sun,2023-01-29,17:30,Leverkusen,1.7,0–2,0.9,Dortmund,30,210,BayArena,Tobias Welz,Match Report,
19,Fri,2023-02-03,20:30,Augsburg,0.9,1–0,0.6,Leverkusen,27,318,WWK Arena,Marco Fritz,Match Report,
19,Sat,2023-02-04,15:30,Eint Frankfurt,2.2,3–0,0.9,Hertha BSC,49,500,Deutsche Bank Park,Robert Hartmann,Match Report,
19,Sat,2023-02-04,15:30,Bochum,2.7,5–2,0.9,Hoffenheim,23,700,Vonovia Ruhrstadion,Bastian Dankert,Match Report,
19,Sat,2023-02-04,15:30,Köln,0.8,0–0,1.3,RB Leipzig,49,200,RheinEnergieSTADION,Martin Petersen,Match Report,
19,Sat,2023-02-04,15:30,Dortmund,1.9,5–1,0.4,Freiburg,81,365,Signal Iduna Park,Robert Schröder,Match Report,
19,Sat,2023-02-04,15:30,Union Berlin,1.1,2–1,1.3,Mainz 05,22,012,Stadion An der Alten Försterei,Florian Badstübner,Match Report,
19,Sat,2023-02-04,18:30,M'Gladbach,1.1,0–0,1.0,Schalke 04,54,042,Stadion im Borussia-Park,Deniz Aytekin,Match Report,
19,Sun,2023-02-05,15:30,Stuttgart,1.3,0–2,0.5,Werder Bremen,47,700,Mercedes-Benz Arena,Frank Willenborg,Match Report,
19,Sun,2023-02-05,17:30,Wolfsburg,2.2,2–4,0.5,Bayern Munich,30,000,Volkswagen Arena,Harm Osmers,Match Report,
20,Fri,2023-02-10,20:30,Schalke 04,1.3,0–0,1.3,Wolfsburg,60,836,Veltins-Arena,Benjamin Brand,Match Report,
20,Sat,2023-02-11,15:30,Bayern Munich,3.7,3–0,0.3,Bochum,75,000,Allianz Arena,Matthias Jöllenbeck,Match Report,
20,Sat,2023-02-11,15:30,Mainz 05,2.4,3–1,1.5,Augsburg,22,200,Mewa Arena,Sven Jablonski,Match Report,
20,Sat,2023-02-11,15:30,Freiburg,2.0,2–1,1.1,Stuttgart,34,700,Europa-Park Stadion,Sascha Stegemann,Match Report,
20,Sat,2023-02-11,15:30,Hoffenheim,0.7,1–3,1.4,Leverkusen,20,619,PreZero Arena,Tobias Stieler,Match Report,
20,Sat,2023-02-11,15:30,Werder Bremen,0.6,0–2,2.5,Dortmund,42,100,Wohninvest Weserstadion,Felix Brych,Match Report,
20,Sat,2023-02-11,18:30,RB Leipzig,0.6,1–2,1.7,Union Berlin,47,069,Red Bull Arena,Daniel Schlager,Match Report,
20,Sun,2023-02-12,15:30,Hertha BSC,3.0,4–1,0.5,M'Gladbach,40,973,Olympiastadion Berlin,Christian Dingert,Match Report,
20,Sun,2023-02-12,17:30,Köln,1.2,3–0,0.3,Eint Frankfurt,50,000,RheinEnergieSTADION,Daniel Siebert,Match Report,
21,Fri,2023-02-17,20:30,Augsburg,1.6,1–0,0.6,Hoffenheim,25,872,WWK Arena,Patrick Ittrich,Match Report,
21,Sat,2023-02-18,15:30,Wolfsburg,0.2,0–3,3.0,RB Leipzig,24,831,Volkswagen Arena,Deniz Aytekin,Match Report,
21,Sat,2023-02-18,15:30,M'Gladbach,2.4,3–2,1.1,Bayern Munich,54,042,Stadion im Borussia-Park,Tobias Welz,Match Report,
21,Sat,2023-02-18,15:30,Bochum,1.4,0–2,2.6,Freiburg,25,100,Vonovia Ruhrstadion,Felix Zwayer,Match Report,
21,Sat,2023-02-18,15:30,Stuttgart,1.5,3–0,0.5,Köln,46,850,Mercedes-Benz Arena,Benjamin Cortus,Match Report,
21,Sat,2023-02-18,18:30,Eint Frankfurt,2.1,2–0,0.3,Werder Bremen,50,000,Deutsche Bank Park,Bastian Dankert,Match Report,
21,Sun,2023-02-19,15:30,Union Berlin,0.9,0–0,0.4,Schalke 04,22,012,Stadion An der Alten Försterei,Tobias Reichel,Match Report,
21,Sun,2023-02-19,17:30,Dortmund,2.5,4–1,1.1,Hertha BSC,81,365,Signal Iduna Park,Harm Osmers,Match Report,
21,Sun,2023-02-19,19:30,Leverkusen,2.2,2–3,1.6,Mainz 05,27,002,BayArena,Robert Schröder,Match Report,
22,Fri,2023-02-24,20:30,Mainz 05,1.8,4–0,1.2,M'Gladbach,32,500,Mewa Arena,Robert Hartmann,Match Report,
22,Sat,2023-02-25,15:30,Hertha BSC,0.6,2–0,0.5,Augsburg,40,522,Olympiastadion Berlin,Matthias Jöllenbeck,Match Report,
22,Sat,2023-02-25,15:30,Hoffenheim,1.3,0–1,2.3,Dortmund,30,150,PreZero Arena,Martin Petersen,Match Report,
22,Sat,2023-02-25,15:30,Werder Bremen,1.2,3–0,0.5,Bochum,42,100,Wohninvest Weserstadion,Florian Badstübner,Match Report,
22,Sat,2023-02-25,15:30,Köln,1.2,0–2,1.0,Wolfsburg,49,300,RheinEnergieSTADION,Frank Willenborg,Match Report,
22,Sat,2023-02-25,15:30,RB Leipzig,1.7,2–1,0.8,Eint Frankfurt,47,069,Red Bull Arena,Felix Brych,Match Report,
22,Sat,2023-02-25,18:30,Schalke 04,1.5,2–1,1.2,Stuttgart,62,271,Veltins-Arena,Deniz Aytekin,Match Report,
22,Sun,2023-02-26,15:30,Freiburg,0.8,1–1,2.2,Leverkusen,34,000,Europa-Park Stadion,Daniel Siebert,Match Report,
22,Sun,2023-02-26,17:30,Bayern Munich,3.6,3–0,0.4,Union Berlin,75,000,Allianz Arena,Marco Fritz,Match Report,
23,Fri,2023-03-03,20:30,Dortmund,1.2,2–1,2.2,RB Leipzig,81,365,Signal Iduna Park,Sven Jablonski,Match Report,
23,Sat,2023-03-04,15:30,Bochum,1.3,0–2,0.6,Schalke 04,26,000,Vonovia Ruhrstadion,Felix Brych,Match Report,
23,Sat,2023-03-04,15:30,M'Gladbach,1.5,0–0,0.3,Freiburg,52,000,Stadion im Borussia-Park,Benjamin Brand,Match Report,
23,Sat,2023-03-04,15:30,Mainz 05,1.1,1–0,0.8,Hoffenheim,28,100,Mewa Arena,Sascha Stegemann,Match Report,
23,Sat,2023-03-04,15:30,Augsburg,0.6,2–1,2.3,Werder Bremen,30,660,WWK Arena,Felix Zwayer,Match Report,
23,Sat,2023-03-04,15:30,Union Berlin,0.5,0–0,0.9,Köln,22,012,Stadion An der Alten Försterei,Tobias Stieler,Match Report,
23,Sat,2023-03-04,18:30,Stuttgart,0.8,1–2,2.1,Bayern Munich,47,800,Mercedes-Benz Arena,Christian Dingert,Match Report,
23,Sun,2023-03-05,15:30,Leverkusen,1.6,4–1,1.1,Hertha BSC,30,210,BayArena,Patrick Ittrich,Match Report,
23,Sun,2023-03-05,17:30,Wolfsburg,1.9,2–2,0.6,Eint Frankfurt,27,853,Volkswagen Arena,Daniel Schlager,Match Report,
24,Fri,2023-03-10,20:30,Köln,0.7,0–2,1.4,Bochum,50,000,RheinEnergieSTADION,Tobias Welz,Match Report,
24,Sat,2023-03-11,15:30,Eint Frankfurt,0.7,1–1,0.8,Stuttgart,50,000,Deutsche Bank Park,Robert Hartmann,Match Report,
24,Sat,2023-03-11,15:30,Bayern Munich,2.4,5–3,2.5,Augsburg,75,000,Allianz Arena,Florian Badstübner,Match Report,
24,Sat,2023-03-11,15:30,Hertha BSC,1.5,1–1,0.5,Mainz 05,41,689,Olympiastadion Berlin,Benjamin Cortus,Match Report,
24,Sat,2023-03-11,15:30,RB Leipzig,2.5,3–0,1.6,M'Gladbach,46,687,Red Bull Arena,Matthias Jöllenbeck,Match Report,
24,Sat,2023-03-11,18:30,Schalke 04,1.5,2–2,2.0,Dortmund,61,571,Veltins-Arena,Marco Fritz,Match Report,
24,Sun,2023-03-12,15:30,Freiburg,0.6,2–1,1.0,Hoffenheim,33,500,Europa-Park Stadion,Harm Osmers,Match Report,
24,Sun,2023-03-12,17:30,Werder Bremen,1.8,2–3,1.0,Leverkusen,41,000,Wohninvest Weserstadion,Deniz Aytekin,Match Report,
24,Sun,2023-03-12,19:30,Wolfsburg,1.7,1–1,1.3,Union Berlin,23,554,Volkswagen Arena,Robert Schröder,Match Report,
25,Fri,2023-03-17,20:30,M'Gladbach,3.4,2–2,1.3,Werder Bremen,54,042,Stadion im Borussia-Park,Tobias Reichel,Match Report,
25,Sat,2023-03-18,15:30,Augsburg,0.3,1–1,1.8,Schalke 04,30,660,WWK Arena,Daniel Schlager,Match Report,
25,Sat,2023-03-18,15:30,Stuttgart,0.5,0–1,0.6,Wolfsburg,44,900,Mercedes-Benz Arena,Felix Brych,Match Report,
25,Sat,2023-03-18,15:30,Hoffenheim,2.6,3–1,1.0,Hertha BSC,25,027,PreZero Arena,Frank Willenborg,Match Report,
25,Sat,2023-03-18,15:30,Bochum,1.1,1–0,1.8,RB Leipzig,24,400,Vonovia Ruhrstadion,Sascha Stegemann,Match Report,
25,Sat,2023-03-18,18:30,Dortmund,3.3,6–1,1.6,Köln,81,365,Signal Iduna Park,Daniel Siebert,Match Report,
25,Sun,2023-03-19,15:30,Union Berlin,1.3,2–0,2.7,Eint Frankfurt,22,012,Stadion An der Alten Försterei,Christian Dingert,Match Report,
25,Sun,2023-03-19,17:30,Leverkusen,2.0,2–1,1.0,Bayern Munich,30,210,BayArena,Tobias Stieler,Match Report,
25,Sun,2023-03-19,19:30,Mainz 05,1.0,1–1,1.7,Freiburg,26,800,Mewa Arena,Bastian Dankert,Match Report,
26,Fri,2023-03-31,20:30,Eint Frankfurt,3.1,1–1,1.1,Bochum,51,500,Deutsche Bank Park,Harm Osmers,Match Report,
26,Sat,2023-04-01,15:30,Union Berlin,1.9,3–0,2.2,Stuttgart,22,012,Stadion An der Alten Försterei,Florian Badstübner,Match Report,
26,Sat,2023-04-01,15:30,Wolfsburg,3.5,2–2,0.6,Augsburg,22,107,Volkswagen Arena,Martin Petersen,Match Report,
26,Sat,2023-04-01,15:30,Schalke 04,1.1,0–3,2.7,Leverkusen,62,271,Veltins-Arena,Deniz Aytekin,Match Report,
26,Sat,2023-04-01,15:30,RB Leipzig,0.8,0–3,2.9,Mainz 05,45,597,Red Bull Arena,Christian Dingert,Match Report,
26,Sat,2023-04-01,15:30,Freiburg,1.2,1–1,1.8,Hertha BSC,34,700,Europa-Park Stadion,Sven Jablonski,Match Report,
26,Sat,2023-04-01,18:30,Bayern Munich,2.4,4–2,1.5,Dortmund,75,000,Allianz Arena,Marco Fritz,Match Report,
26,Sun,2023-04-02,15:30,Köln,1.0,0–0,1.0,M'Gladbach,50,000,RheinEnergieSTADION,Felix Zwayer,Match Report,
26,Sun,2023-04-02,17:30,Werder Bremen,0.9,1–2,1.1,Hoffenheim,42,000,Wohninvest Weserstadion,Sascha Stegemann,Match Report,
27,Sat,2023-04-08,15:30,Dortmund,2.6,2–1,0.5,Union Berlin,81,365,Signal Iduna Park,Daniel Schlager,Match Report,
27,Sat,2023-04-08,15:30,Freiburg,1.0,0–1,3.5,Bayern Munich,34,700,Europa-Park Stadion,Daniel Siebert,Match Report,
27,Sat,2023-04-08,15:30,Mainz 05,1.9,2–2,0.9,Werder Bremen,33,305,Mewa Arena,Benjamin Brand,Match Report,
27,Sat,2023-04-08,15:30,Leverkusen,2.1,3–1,0.9,Eint Frankfurt,30,210,BayArena,Robert Hartmann,Match Report,
27,Sat,2023-04-08,15:30,Augsburg,0.8,1–3,1.7,Köln,30,660,WWK Arena,Robert Schröder,Match Report,
27,Sat,2023-04-08,18:30,Hertha BSC,0.5,0–1,2.0,RB Leipzig,50,679,Olympiastadion Berlin,Deniz Aytekin,Match Report,
27,Sun,2023-04-09,15:30,M'Gladbach,1.6,2–0,1.5,Wolfsburg,51,127,Stadion im Borussia-Park,Timo Gerach,Match Report,
27,Sun,2023-04-09,17:30,Bochum,2.4,2–3,2.2,Stuttgart,26,000,Vonovia Ruhrstadion,Frank Willenborg,Match Report,
27,Sun,2023-04-09,19:30,Hoffenheim,2.2,2–0,0.7,Schalke 04,30,150,PreZero Arena,Matthias Jöllenbeck,Match Report,
28,Fri,2023-04-14,20:30,Schalke 04,2.2,5–2,1.6,Hertha BSC,61,981,Veltins-Arena,Felix Brych,Match Report,
28,Sat,2023-04-15,15:30,Bayern Munich,1.6,1–1,0.4,Hoffenheim,75,000,Allianz Arena,Bastian Dankert,Match Report,
28,Sat,2023-04-15,15:30,Köln,1.0,1–1,0.8,Mainz 05,50,000,RheinEnergieSTADION,Benjamin Cortus,Match Report,
28,Sat,2023-04-15,15:30,Stuttgart,1.4,3–3,1.8,Dortmund,47,300,Mercedes-Benz Arena,Harm Osmers,Match Report,
28,Sat,2023-04-15,15:30,RB Leipzig,1.8,3–2,0.7,Augsburg,46,058,Red Bull Arena,Marco Fritz,Match Report,
28,Sat,2023-04-15,18:30,Eint Frankfurt,2.2,1–1,1.2,M'Gladbach,50,000,Deutsche Bank Park,Sven Jablonski,Match Report,
28,Sun,2023-04-16,15:30,Werder Bremen,1.7,1–2,0.8,Freiburg,42,100,Wohninvest Weserstadion,Florian Badstübner,Match Report,
28,Sun,2023-04-16,17:30,Union Berlin,1.2,1–1,1.8,Bochum,20,000,Stadion An der Alten Försterei,Tobias Stieler,Match Report,
28,Sun,2023-04-16,19:30,Wolfsburg,0.9,0–0,1.2,Leverkusen,20,137,Volkswagen Arena,Sascha Stegemann,Match Report,
29,Fri,2023-04-21,20:30,Augsburg,0.7,1–1,1.1,Stuttgart,30,660,WWK Arena,Christian Dingert,Match Report,
29,Sat,2023-04-22,15:30,Mainz 05,1.6,3–1,1.9,Bayern Munich,33,305,Mewa Arena,Felix Zwayer,Match Report,
29,Sat,2023-04-22,15:30,Bochum,2.6,1–5,3.6,Wolfsburg,24,834,Vonovia Ruhrstadion,Felix Brych,Match Report,
29,Sat,2023-04-22,15:30,Hertha BSC,1.6,2–4,2.0,Werder Bremen,74,667,Olympiastadion Berlin,Robert Schröder,Match Report,
29,Sat,2023-04-22,15:30,Hoffenheim,0.9,1–3,1.7,Köln,30,150,PreZero Arena,Robin Braun,Match Report,
29,Sat,2023-04-22,18:30,Dortmund,1.1,4–0,0.6,Eint Frankfurt,81,365,Signal Iduna Park,Deniz Aytekin,Match Report,
29,Sun,2023-04-23,15:30,Freiburg,2.1,4–0,0.3,Schalke 04,34,700,Europa-Park Stadion,Robert Hartmann,Match Report,
29,Sun,2023-04-23,17:30,Leverkusen,1.1,2–0,1.9,RB Leipzig,29,085,BayArena,Daniel Schlager,Match Report,
29,Sun,2023-04-23,19:30,M'Gladbach,0.7,0–1,1.3,Union Berlin,52,107,Stadion im Borussia-Park,Martin Petersen,Match Report,
30,Fri,2023-04-28,20:30,Bochum,0.9,1–1,2.7,Dortmund,26,000,Vonovia Ruhrstadion,Sascha Stegemann,Match Report,
30,Sat,2023-04-29,15:30,Köln,1.6,0–1,1.6,Freiburg,50,000,RheinEnergieSTADION,Tobias Reichel,Match Report,
30,Sat,2023-04-29,15:30,Stuttgart,2.3,2–1,1.2,M'Gladbach,47,700,Mercedes-Benz Arena,Tobias Welz,Match Report,
30,Sat,2023-04-29,15:30,RB Leipzig,1.4,1–0,0.3,Hoffenheim,45,294,Red Bull Arena,Tobias Stieler,Match Report,
30,Sat,2023-04-29,15:30,Union Berlin,0.8,0–0,0.8,Leverkusen,22,012,Stadion An der Alten Försterei,Marco Fritz,Match Report,
30,Sat,2023-04-29,15:30,Eint Frankfurt,0.6,1–1,0.7,Augsburg,50,000,Deutsche Bank Park,Frank Willenborg,Match Report,
30,Sat,2023-04-29,18:30,Schalke 04,1.6,2–1,1.2,Werder Bremen,61,981,Veltins-Arena,Bastian Dankert,Match Report,
30,Sun,2023-04-30,15:30,Bayern Munich,2.7,2–0,0.1,Hertha BSC,75,000,Allianz Arena,Patrick Ittrich,Match Report,
30,Sun,2023-04-30,17:30,Wolfsburg,1.9,3–0,1.7,Mainz 05,23,817,Volkswagen Arena,Daniel Siebert,Match Report,
31,Fri,2023-05-05,20:30,Leverkusen,0.9,1–2,0.8,Köln,30,210,BayArena,Felix Zwayer,Match Report,
31,Fri,2023-05-05,20:30,Mainz 05,1.3,2–3,2.9,Schalke 04,33,305,Mewa Arena,Matthias Jöllenbeck,Match Report,
31,Sat,2023-05-06,15:30,Hoffenheim,2.2,3–1,2.2,Eint Frankfurt,30,000,PreZero Arena,Harm Osmers,Match Report,
31,Sat,2023-05-06,15:30,Hertha BSC,1.2,2–1,1.5,Stuttgart,63,443,Olympiastadion Berlin,Deniz Aytekin,Match Report,
31,Sat,2023-05-06,15:30,Freiburg,0.4,0–1,1.9,RB Leipzig,32,900,Europa-Park Stadion,Tobias Welz,Match Report,
31,Sat,2023-05-06,15:30,M'Gladbach,1.9,2–0,1.1,Bochum,53,797,Stadion im Borussia-Park,Robert Schröder,Match Report,
31,Sat,2023-05-06,15:30,Augsburg,0.9,1–0,0.7,Union Berlin,30,660,WWK Arena,Florian Badstübner,Match Report,
31,Sat,2023-05-06,18:30,Werder Bremen,0.7,1–2,1.4,Bayern Munich,42,100,Wohninvest Weserstadion,Christian Dingert,Match Report,
31,Sun,2023-05-07,17:30,Dortmund,4.2,6–0,1.2,Wolfsburg,81,365,Signal Iduna Park,Marco Fritz,Match Report,
32,Fri,2023-05-12,20:30,Köln,4.3,5–2,1.1,Hertha BSC,50,000,RheinEnergieSTADION,Sven Jablonski,Match Report,
32,Sat,2023-05-13,15:30,Eint Frankfurt,2.2,3–0,1.0,Mainz 05,50,000,Deutsche Bank Park,Felix Brych,Match Report,
32,Sat,2023-05-13,15:30,Wolfsburg,1.1,2–1,1.0,Hoffenheim,22,617,Volkswagen Arena,Tobias Stieler,Match Report,
32,Sat,2023-05-13,15:30,Union Berlin,1.5,4–2,2.1,Freiburg,22,012,Stadion An der Alten Försterei,Marco Fritz,Match Report,
32,Sat,2023-05-13,15:30,Bochum,1.2,3–2,1.8,Augsburg,24,453,Vonovia Ruhrstadion,Patrick Ittrich,Match Report,
32,Sat,2023-05-13,15:30,Bayern Munich,5.3,6–0,0.4,Schalke 04,75,000,Allianz Arena,Robert Schröder,Match Report,
32,Sat,2023-05-13,18:30,Dortmund,4.5,5–2,2.0,M'Gladbach,81,365,Signal Iduna Park,Daniel Schlager,Match Report,
32,Sun,2023-05-14,15:30,Stuttgart,1.3,1–1,1.8,Leverkusen,47,500,Mercedes-Benz Arena,Frank Willenborg,Match Report,
32,Sun,2023-05-14,17:30,RB Leipzig,2.2,2–1,1.1,Werder Bremen,47,069,Red Bull Arena,Florian Badstübner,Match Report,
33,Fri,2023-05-19,20:30,Freiburg,1.3,2–0,0.7,Wolfsburg,33,300,Europa-Park Stadion,Bastian Dankert,Match Report,
33,Sat,2023-05-20,15:30,Schalke 04,1.0,2–2,1.6,Eint Frankfurt,61,575,Veltins-Arena,Daniel Schlager,Match Report,
33,Sat,2023-05-20,15:30,Werder Bremen,1.8,1–1,1.4,Köln,41,846,Wohninvest Weserstadion,Robert Hartmann,Match Report,
33,Sat,2023-05-20,15:30,Hertha BSC,1.2,1–1,1.1,Bochum,70,692,Olympiastadion Berlin,Felix Brych,Match Report,
33,Sat,2023-05-20,15:30,Hoffenheim,2.4,4–2,2.0,Union Berlin,30,000,PreZero Arena,Christian Dingert,Match Report,
33,Sat,2023-05-20,18:30,Bayern Munich,1.6,1–3,2.8,RB Leipzig,75,000,Allianz Arena,Deniz Aytekin,Match Report,
33,Sun,2023-05-21,15:30,Mainz 05,1.3,1–4,1.8,Stuttgart,33,305,Mewa Arena,Sven Jablonski,Match Report,
33,Sun,2023-05-21,17:30,Augsburg,0.2,0–3,3.1,Dortmund,30,660,WWK Arena,Tobias Welz,Match Report,
33,Sun,2023-05-21,19:30,Leverkusen,1.6,2–2,1.7,M'Gladbach,30,210,BayArena,Daniel Siebert,Match Report,
34,Sat,2023-05-27,15:30,RB Leipzig,2.6,4–2,1.2,Schalke 04,47,069,Red Bull Arena,Harm Osmers,Match Report,
34,Sat,2023-05-27,15:30,Bochum,1.3,3–0,0.8,Leverkusen,26,000,Vonovia Ruhrstadion,Tobias Welz,Match Report,
34,Sat,2023-05-27,15:30,Union Berlin,0.9,1–0,0.4,Werder Bremen,22,012,Stadion An der Alten Försterei,Patrick Ittrich,Match Report,
34,Sat,2023-05-27,15:30,Eint Frankfurt,2.1,2–1,1.6,Freiburg,50,500,Deutsche Bank Park,Deniz Aytekin,Match Report,
34,Sat,2023-05-27,15:30,Dortmund,4.0,2–2,1.8,Mainz 05,81,365,Signal Iduna Park,Marco Fritz,Match Report,
34,Sat,2023-05-27,15:30,M'Gladbach,3.0,2–0,0.5,Augsburg,52,186,Stadion im Borussia-Park,Matthias Jöllenbeck,Match Report,
34,Sat,2023-05-27,15:30,Stuttgart,2.5,1–1,0.8,Hoffenheim,47,500,Mercedes-Benz Arena,Robert Schröder,Match Report,
34,Sat,2023-05-27,15:30,Wolfsburg,3.4,1–2,2.1,Hertha BSC,26,775,Volkswagen Arena,Benjamin Cortus,Match Report,
34,Sat,2023-05-27,15:30,Köln,1.3,1–2,1.3,Bayern Munich,50,000,RheinEnergieSTADION,Sven Jablonski,Match Report,