Wk,Day,Date,Time,Home,xG_home,Score,xG_away,Away,Attendance,Venue,Referee,Match Report,Notes,comma
1,Sat,2020-09-12,18:45,Heerenveen,1.8,2–0,0.5,Willem II,4,000,Abe Lenstra Stadion,Richard Martens,Match Report,
1,Sat,2020-09-12,20:00,Zwolle,0.8,0–2,2.5,Feyenoord,2,993,MAC³PARK Stadion,Bas Nijhuis,Match Report,
1,Sat,2020-09-12,21:00,Twente,2.1,2–0,0.1,Fortuna Sittard,8,000,De Grolsch Veste,Allard Lindhout,Match Report,
1,Sun,2020-09-13,12:15,Emmen,1.6,3–5,3.7,VVV-Venlo,2,400,De Oude Meerdijk,Siemen Mulder,Match Report,
1,Sun,2020-09-13,14:30,Heracles Almelo,3.1,2–0,0.3,ADO Den Haag,2,700,Erve Asito,Sander Van der Eijk,Match Report,
1,Sun,2020-09-13,14:30,Sparta R'dam,0.6,0–1,0.9,Ajax,3,934,Sparta-Stadion Het Kasteel,Jochem Kamphuis,Match Report,
1,Sun,2020-09-13,16:45,RKC Waalwijk,0.2,0–1,1.8,Vitesse,1,967,Mandemakers Stadion,Edwin van de Graaf,Match Report,
1,Sun,2020-09-13,16:45,Groningen,1.1,1–3,2.5,PSV Eindhoven,6,049,Hitachi Capital Mobility Stadion,Serdar Gözübüyük,Match Report,
2,Fri,2020-09-18,20:00,VVV-Venlo,1.7,1–1,2.5,Utrecht,1,435,Seacon Stadion De Koel,Rob Dieperink,Match Report,
2,Sat,2020-09-19,16:30,AZ Alkmaar,0.7,1–1,1.0,Zwolle,5,000,AFAS Stadion,Serdar Gözübüyük,Match Report,
2,Sat,2020-09-19,18:45,Vitesse,2.6,2–0,0.4,Sparta R'dam,4,914,GelreDome,Björn Kuipers,Match Report,
2,Sat,2020-09-19,20:00,PSV Eindhoven,1.6,2–1,0.3,Emmen,8,000,Philips Stadion,Martin van den Kerkhof,Match Report,
2,Sat,2020-09-19,21:00,Fortuna Sittard,1.6,1–3,2.5,Heerenveen,2,500,Fortuna Sittard Stadion,Martin Perez,Match Report,
2,Sun,2020-09-20,12:15,ADO Den Haag,0.4,0–1,1.4,Groningen,3,378,Cars Jeans Stadion,Danny Makkelie,Match Report,
2,Sun,2020-09-20,14:30,Feyenoord,3.3,1–1,0.5,Twente,13,000,Stadion Feijenoord,Pol van Boekel,Match Report,
2,Sun,2020-09-20,14:30,Willem II,2.4,4–0,0.4,Heracles Almelo,3,908,Koning Willem II Stadion,Jeroen Manschot,Match Report,
2,Sun,2020-09-20,16:45,Ajax,3.4,3–0,0.3,RKC Waalwijk,11,948,Johan Cruyff ArenA,Bas Nijhuis,Match Report,
3,Fri,2020-09-25,20:00,Twente,1.3,3–1,1.2,Groningen,8,000,De Grolsch Veste,Sander Van der Eijk,Match Report,
3,Sat,2020-09-26,16:30,Zwolle,2.3,4–0,0.9,Sparta R'dam,2,933,MAC³PARK Stadion,Allard Lindhout,Match Report,
3,Sat,2020-09-26,18:45,Fortuna Sittard,1.3,3–3,2.0,AZ Alkmaar,3,000,Fortuna Sittard Stadion,Björn Kuipers,Match Report,
3,Sat,2020-09-26,20:00,Heerenveen,1.7,1–0,0.5,VVV-Venlo,6,500,Abe Lenstra Stadion,Kevin Blom,Match Report,
3,Sat,2020-09-26,21:00,Ajax,2.2,2–1,1.8,Vitesse,12,176,Johan Cruyff ArenA,Pol van Boekel,Match Report,
3,Sun,2020-09-27,12:15,Feyenoord,2.8,4–2,1.8,ADO Den Haag,13,000,Stadion Feijenoord,Dennis Higler,Match Report,
3,Sun,2020-09-27,14:30,Utrecht,2.4,3–1,0.6,RKC Waalwijk,4,944,Stadion Galgenwaard,Siemen Mulder,Match Report,
3,Sun,2020-09-27,16:45,Emmen,1.3,1–1,1.4,Willem II,2,312,De Oude Meerdijk,Edwin van de Graaf,Match Report,
3,Sun,2020-09-27,16:45,Heracles Almelo,1.4,1–1,1.5,PSV Eindhoven,3,083,Erve Asito,Jochem Kamphuis,Match Report,
4,Fri,2020-10-02,20:00,Utrecht,3.4,1–1,0.7,Heerenveen,,Stadion Galgenwaard,Pol van Boekel,Match Report,
4,Sat,2020-10-03,16:30,Vitesse,1.7,3–0,0.6,Heracles Almelo,,GelreDome,Martin van den Kerkhof,Match Report,
4,Sat,2020-10-03,20:00,VVV-Venlo,0.6,1–2,1.7,ADO Den Haag,,Seacon Stadion De Koel,Bas Nijhuis,Match Report,
4,Sat,2020-10-03,21:00,Twente,1.8,1–1,1.1,Emmen,,De Grolsch Veste,Siemen Mulder,Match Report,
4,Sun,2020-10-04,12:15,Groningen,1.1,1–0,1.9,Ajax,,Hitachi Capital Mobility Stadion,Dennis Higler,Match Report,
4,Sun,2020-10-04,14:30,Sparta R'dam,1.8,4–4,3.4,AZ Alkmaar,,Sparta-Stadion Het Kasteel,Danny Makkelie,Match Report,
4,Sun,2020-10-04,14:30,Willem II,0.7,1–4,2.4,Feyenoord,,Koning Willem II Stadion,Allard Lindhout,Match Report,
4,Sun,2020-10-04,16:45,PSV Eindhoven,1.8,2–0,1.0,Fortuna Sittard,,Philips Stadion,Jeroen Manschot,Match Report,
5,Sat,2020-10-17,18:45,Heracles Almelo,1.8,0–1,0.3,RKC Waalwijk,,Erve Asito,Jannick van der Laan,Match Report,
5,Sat,2020-10-17,20:00,AZ Alkmaar,1.5,2–2,1.6,VVV-Venlo,,AFAS Stadion,Christiaan Bax,Match Report,
5,Sat,2020-10-17,21:00,Willem II,1.8,0–3,3.1,Twente,,Koning Willem II Stadion,Dennis Higler,Match Report,
5,Sun,2020-10-18,12:15,Feyenoord,1.2,1–1,2.1,Sparta R'dam,,Stadion Feijenoord,Kevin Blom,Match Report,
5,Sun,2020-10-18,14:30,Ajax,2.9,5–1,1.0,Heerenveen,,Johan Cruyff ArenA,Björn Kuipers,Match Report,
5,Sun,2020-10-18,14:30,ADO Den Haag,1.2,0–2,1.4,Vitesse,,Cars Jeans Stadion,Richard Martens,Match Report,
5,Sun,2020-10-18,16:45,Zwolle,2.1,0–3,2.4,PSV Eindhoven,,MAC³PARK Stadion,Danny Makkelie,Match Report,
5,Sun,2020-10-18,16:45,Groningen,1.0,0–0,1.6,Utrecht,,Hitachi Capital Mobility Stadion,Jeroen Manschot,Match Report,
5,Sun,2020-10-18,20:00,Emmen,1.5,2–2,1.4,Fortuna Sittard,,De Oude Meerdijk,Serdar Gözübüyük,Match Report,
4,Wed,2020-10-21,17:30,RKC Waalwijk,1.0,1–1,2.6,Zwolle,,Mandemakers Stadion,Rob Dieperink,Match Report,
6,Sat,2020-10-24,16:30,VVV-Venlo,0.3,0–9,9.1,Ajax,,Seacon Stadion De Koel,Danny Makkelie,Match Report,
6,Sat,2020-10-24,18:45,Utrecht,1.3,2–1,1.2,Twente,,Stadion Galgenwaard,Kevin Blom,Match Report,
6,Sat,2020-10-24,20:00,Zwolle,0.9,0–0,1.0,Willem II,,MAC³PARK Stadion,Martin Perez,Match Report,
6,Sat,2020-10-24,21:00,Heerenveen,2.2,4–0,0.5,Emmen,,Abe Lenstra Stadion,Sander Van der Eijk,Match Report,
6,Sun,2020-10-25,12:15,Fortuna Sittard,1.4,1–3,2.6,Groningen,,Fortuna Sittard Stadion,Pol van Boekel,Match Report,
6,Sun,2020-10-25,14:30,Vitesse,0.8,2–1,0.7,PSV Eindhoven,,GelreDome,Bas Nijhuis,Match Report,
6,Sun,2020-10-25,14:30,Sparta R'dam,0.7,1–1,1.5,Heracles Almelo,,Sparta-Stadion Het Kasteel,Serdar Gözübüyük,Match Report,
6,Sun,2020-10-25,16:45,RKC Waalwijk,0.5,2–2,1.5,Feyenoord,,Mandemakers Stadion,Jochem Kamphuis,Match Report,
6,Sun,2020-10-25,20:00,ADO Den Haag,0.6,2–2,2.3,AZ Alkmaar,,Cars Jeans Stadion,Allard Lindhout,Match Report,
7,Sat,2020-10-31,18:45,Twente,1.4,5–1,1.2,Zwolle,,De Grolsch Veste,Serdar Gözübüyük,Match Report,
7,Sat,2020-10-31,20:00,Ajax,5.5,5–2,1.0,Fortuna Sittard,,Johan Cruyff ArenA,Siemen Mulder,Match Report,
7,Sat,2020-10-31,20:00,Groningen,0.9,2–1,0.7,VVV-Venlo,,Hitachi Capital Mobility Stadion,Allard Lindhout,Match Report,
7,Sat,2020-10-31,21:00,Willem II,1.0,1–3,1.5,Vitesse,,Koning Willem II Stadion,Marc Nagtegaal,Match Report,
7,Sun,2020-11-01,12:15,Heracles Almelo,2.1,4–1,1.4,Utrecht,,Erve Asito,Dennis Higler,Match Report,
7,Sun,2020-11-01,14:30,Sparta R'dam,1.5,1–4,2.1,Heerenveen,,Sparta-Stadion Het Kasteel,Bas Nijhuis,Match Report,
7,Sun,2020-11-01,14:30,Emmen,1.2,2–3,3.1,Feyenoord,,De Oude Meerdijk,Björn Kuipers,Match Report,
7,Sun,2020-11-01,16:45,PSV Eindhoven,3.3,4–0,0.4,ADO Den Haag,,Philips Stadion,Jochem Kamphuis,Match Report,
7,Sun,2020-11-01,20:00,AZ Alkmaar,3.5,3–0,0.4,RKC Waalwijk,,AFAS Stadion,Martin van den Kerkhof,Match Report,
8,Fri,2020-11-06,20:00,Fortuna Sittard,0.7,2–2,0.5,Zwolle,,Fortuna Sittard Stadion,Edwin van de Graaf,Match Report,
8,Sat,2020-11-07,16:30,ADO Den Haag,0.6,2–4,2.2,Twente,,Cars Jeans Stadion,Rob Dieperink,Match Report,
8,Sat,2020-11-07,18:45,VVV-Venlo,3.0,3–2,1.2,Heracles Almelo,,Seacon Stadion De Koel,Richard Martens,Match Report,
8,Sat,2020-11-07,21:00,RKC Waalwijk,0.7,0–2,1.7,Sparta R'dam,,Mandemakers Stadion,Ingmar Oostrom,Match Report,
8,Sun,2020-11-08,12:15,Utrecht,0.9,0–3,2.8,Ajax,,Stadion Galgenwaard,Björn Kuipers,Match Report,
8,Sun,2020-11-08,14:30,Feyenoord,1.9,2–0,0.7,Groningen,,Stadion Feijenoord,Danny Makkelie,Match Report,
8,Sun,2020-11-08,14:30,Vitesse,1.1,3–1,2.4,Emmen,,GelreDome,Jeroen Manschot,Match Report,
8,Sun,2020-11-08,16:45,Heerenveen,0.5,0–3,1.9,AZ Alkmaar,,Abe Lenstra Stadion,Dennis Higler,Match Report,
8,Sun,2020-11-08,20:00,PSV Eindhoven,2.2,3–0,1.0,Willem II,,Philips Stadion,Allard Lindhout,Match Report,
9,Sat,2020-11-21,18:45,Willem II,0.7,2–1,1.8,VVV-Venlo,,Koning Willem II Stadion,Erwin Blank,Match Report,
9,Sat,2020-11-21,20:00,Groningen,0.6,1–1,1.6,Vitesse,,Hitachi Capital Mobility Stadion,Björn Kuipers,Match Report,
9,Sat,2020-11-21,21:00,Zwolle,0.8,1–1,0.4,Utrecht,,MAC³PARK Stadion,Danny Makkelie,Match Report,
9,Sun,2020-11-22,12:15,Ajax,2.3,5–0,0.4,Heracles Almelo,,Johan Cruyff ArenA,Jeroen Manschot,Match Report,
9,Sun,2020-11-22,14:30,Sparta R'dam,3.0,6–0,0.1,ADO Den Haag,,Sparta-Stadion Het Kasteel,Kevin Blom,Match Report,
9,Sun,2020-11-22,14:30,Fortuna Sittard,1.0,1–3,3.2,Feyenoord,,Fortuna Sittard Stadion,Dennis Higler,Match Report,
9,Sun,2020-11-22,16:45,RKC Waalwijk,2.4,1–1,1.9,Heerenveen,,Mandemakers Stadion,Christiaan Bax,Match Report,
9,Sun,2020-11-22,16:45,Twente,1.1,1–1,2.4,PSV Eindhoven,,De Grolsch Veste,Pol van Boekel,Match Report,
9,Sun,2020-11-22,20:00,AZ Alkmaar,3.2,1–0,0.3,Emmen,,AFAS Stadion,Marc Nagtegaal,Match Report,
10,Fri,2020-11-27,20:00,Twente,1.5,0–2,1.1,RKC Waalwijk,,De Grolsch Veste,Richard Martens,Match Report,
10,Sat,2020-11-28,18:45,Emmen,0.1,0–5,4.3,Ajax,,De Oude Meerdijk,Serdar Gözübüyük,Match Report,
10,Sat,2020-11-28,20:00,ADO Den Haag,0.7,1–1,2.5,Heerenveen,,Cars Jeans Stadion,Danny Makkelie,Match Report,
10,Sat,2020-11-28,21:00,VVV-Venlo,1.3,2–2,2.1,Zwolle,,Seacon Stadion De Koel,Rob Dieperink,Match Report,
10,Sun,2020-11-29,12:15,Vitesse,1.6,2–0,0.5,Fortuna Sittard,,GelreDome,Jochem Kamphuis,Match Report,
10,Sun,2020-11-29,14:30,Groningen,0.8,1–0,0.2,Willem II,,Hitachi Capital Mobility Stadion,Martin van den Kerkhof,Match Report,
10,Sun,2020-11-29,14:30,Feyenoord,0.9,1–1,2.0,Utrecht,,Stadion Feijenoord,Bas Nijhuis,Match Report,
10,Sun,2020-11-29,16:45,Heracles Almelo,0.2,1–2,2.3,AZ Alkmaar,,Erve Asito,Pol van Boekel,Match Report,
10,Sun,2020-11-29,20:00,PSV Eindhoven,1.2,1–0,1.1,Sparta R'dam,,Philips Stadion,Jeroen Manschot,Match Report,
11,Fri,2020-12-04,20:00,Sparta R'dam,0.7,2–1,1.1,Emmen,,Sparta-Stadion Het Kasteel,Jochem Kamphuis,Match Report,
11,Sat,2020-12-05,16:30,RKC Waalwijk,2.7,3–2,1.3,VVV-Venlo,,Mandemakers Stadion,Edwin van de Graaf,Match Report,
11,Sat,2020-12-05,18:45,Fortuna Sittard,1.6,3–2,0.5,Willem II,,Fortuna Sittard Stadion,Kevin Blom,Match Report,
11,Sat,2020-12-05,20:00,Ajax,2.2,1–2,0.7,Twente,,Johan Cruyff ArenA,Allard Lindhout,Match Report,
11,Sat,2020-12-05,21:00,Zwolle,3.2,2–1,1.7,Vitesse,,MAC³PARK Stadion,Dennis Higler,Match Report,
11,Sun,2020-12-06,12:15,Feyenoord,2.4,0–0,0.7,Heracles Almelo,,Stadion Feijenoord,Martin van den Kerkhof,Match Report,
11,Sun,2020-12-06,14:30,Utrecht,1.7,1–1,1.3,ADO Den Haag,,Stadion Galgenwaard,Sander Van der Eijk,Match Report,
11,Sun,2020-12-06,14:30,AZ Alkmaar,0.6,1–2,1.1,Groningen,,AFAS Stadion,Serdar Gözübüyük,Match Report,
11,Sun,2020-12-06,16:45,Heerenveen,1.6,2–2,2.1,PSV Eindhoven,,Abe Lenstra Stadion,Bas Nijhuis,Match Report,
12,Fri,2020-12-11,20:00,Heracles Almelo,1.4,1–2,1.0,Fortuna Sittard,,Erve Asito,Erwin Blank,Match Report,
12,Sat,2020-12-12,16:30,Groningen,1.6,2–0,0.5,RKC Waalwijk,,Hitachi Capital Mobility Stadion,Jannick van der Laan,Match Report,
12,Sat,2020-12-12,18:45,Emmen,2.0,1–1,0.5,ADO Den Haag,,De Oude Meerdijk,Jeroen Manschot,Match Report,
12,Sat,2020-12-12,20:00,Ajax,3.0,4–0,0.5,Zwolle,,Johan Cruyff ArenA,Pol van Boekel,Match Report,
12,Sun,2020-12-13,12:15,Vitesse,1.5,1–1,1.3,Heerenveen,,GelreDome,Allard Lindhout,Match Report,
12,Sun,2020-12-13,14:30,Willem II,1.8,1–3,3.2,Sparta R'dam,,Koning Willem II Stadion,Christiaan Bax,Match Report,
12,Sun,2020-12-13,14:30,VVV-Venlo,0.6,0–3,1.5,Feyenoord,,Seacon Stadion De Koel,Björn Kuipers,Match Report,
12,Sun,2020-12-13,16:45,PSV Eindhoven,1.2,2–1,1.5,Utrecht,,Philips Stadion,Serdar Gözübüyük,Match Report,
12,Sun,2020-12-13,20:00,Twente,1.5,1–3,2.1,AZ Alkmaar,,De Grolsch Veste,Danny Makkelie,Match Report,
13,Fri,2020-12-18,20:00,Zwolle,1.1,0–0,0.4,Emmen,,MAC³PARK Stadion,Björn Kuipers,Match Report,
13,Sat,2020-12-19,16:30,Sparta R'dam,1.6,2–3,1.8,Groningen,,Sparta-Stadion Het Kasteel,Danny Makkelie,Match Report,
13,Sat,2020-12-19,18:45,VVV-Venlo,0.6,1–2,1.4,Twente,,Seacon Stadion De Koel,Serdar Gözübüyük,Match Report,
13,Sat,2020-12-19,20:00,RKC Waalwijk,0.9,1–4,2.1,PSV Eindhoven,,Mandemakers Stadion,Kevin Blom,Match Report,
13,Sat,2020-12-19,21:00,Utrecht,2.9,1–1,1.1,Fortuna Sittard,,Stadion Galgenwaard,Rob Dieperink,Match Report,
13,Sun,2020-12-20,12:15,Vitesse,1.6,1–0,2.3,Feyenoord,,GelreDome,Pol van Boekel,Match Report,
13,Sun,2020-12-20,14:30,Heerenveen,1.1,1–2,1.7,Heracles Almelo,,Abe Lenstra Stadion,Martin Perez,Match Report,
13,Sun,2020-12-20,14:30,ADO Den Haag,0.6,2–4,4.0,Ajax,,Cars Jeans Stadion,Bas Nijhuis,Match Report,
13,Sun,2020-12-20,16:45,AZ Alkmaar,1.8,5–3,1.4,Willem II,,AFAS Stadion,Dennis Higler,Match Report,
14,Tue,2020-12-22,16:30,Fortuna Sittard,3.3,2–1,1.0,RKC Waalwijk,,Fortuna Sittard Stadion,Marc Nagtegaal,Match Report,
14,Tue,2020-12-22,18:45,Emmen,1.2,2–3,2.5,Utrecht,,De Oude Meerdijk,Christiaan Bax,Match Report,
14,Tue,2020-12-22,20:00,PSV Eindhoven,4.9,4–1,0.4,VVV-Venlo,,Philips Stadion,Sander Van der Eijk,Match Report,
14,Tue,2020-12-22,21:00,Twente,0.8,0–2,1.3,Sparta R'dam,,De Grolsch Veste,Martin van den Kerkhof,Match Report,
14,Wed,2020-12-23,16:30,AZ Alkmaar,1.7,3–1,1.4,Vitesse,,AFAS Stadion,Bas Nijhuis,Match Report,
14,Wed,2020-12-23,18:45,Willem II,0.5,1–1,2.5,Ajax,,Koning Willem II Stadion,Jeroen Manschot,Match Report,
14,Wed,2020-12-23,20:00,Groningen,1.0,0–1,1.3,Heracles Almelo,,Hitachi Capital Mobility Stadion,Allard Lindhout,Match Report,
14,Wed,2020-12-23,20:00,ADO Den Haag,0.4,0–2,1.0,Zwolle,,Cars Jeans Stadion,Ingmar Oostrom,Match Report,
14,Wed,2020-12-23,21:00,Feyenoord,3.5,3–0,0.5,Heerenveen,,Stadion Feijenoord,Jochem Kamphuis,Match Report,
1,Sun,2020-12-27,14:30,Utrecht,1.6,2–2,1.8,AZ Alkmaar,,Stadion Galgenwaard,Pol van Boekel,Match Report,
15,Sat,2021-01-09,16:30,RKC Waalwijk,1.5,0–1,0.5,ADO Den Haag,,Mandemakers Stadion,Serdar Gözübüyük,Match Report,
15,Sat,2021-01-09,18:45,Emmen,0.5,1–4,1.8,Twente,,De Oude Meerdijk,Allard Lindhout,Match Report,
15,Sat,2021-01-09,20:00,Heracles Almelo,1.3,0–2,0.9,Vitesse,,Erve Asito,Danny Makkelie,Match Report,
15,Sat,2021-01-09,20:00,Zwolle,0.8,1–1,0.9,AZ Alkmaar,,MAC³PARK Stadion,Kevin Blom,Match Report,
15,Sat,2021-01-09,21:00,Utrecht,2.8,2–2,1.0,Groningen,,Stadion Galgenwaard,Jeroen Manschot,Match Report,
15,Sun,2021-01-10,12:15,Sparta R'dam,0.5,0–2,2.3,Feyenoord,,Sparta-Stadion Het Kasteel,Dennis Higler,Match Report,
15,Sun,2021-01-10,14:30,VVV-Venlo,1.3,2–1,1.7,Willem II,,Seacon Stadion De Koel,Jochem Kamphuis,Match Report,
15,Sun,2021-01-10,14:30,Heerenveen,1.3,1–3,1.7,Fortuna Sittard,,Abe Lenstra Stadion,Richard Martens,Match Report,
15,Sun,2021-01-10,16:45,Ajax,1.7,2–2,1.2,PSV Eindhoven,,Johan Cruyff ArenA,Björn Kuipers,Match Report,
16,Tue,2021-01-12,18:45,Vitesse,1.0,1–0,0.8,Utrecht,,GelreDome,Edwin van de Graaf,Match Report,
16,Tue,2021-01-12,21:00,Heracles Almelo,2.6,4–0,0.5,Emmen,,Erve Asito,Rob Dieperink,Match Report,
16,Wed,2021-01-13,18:45,PSV Eindhoven,0.7,1–3,1.1,AZ Alkmaar,,Philips Stadion,Serdar Gözübüyük,Match Report,
16,Wed,2021-01-13,20:00,ADO Den Haag,1.0,1–4,2.8,VVV-Venlo,,Cars Jeans Stadion,Jannick van der Laan,Match Report,
16,Wed,2021-01-13,20:00,Fortuna Sittard,0.6,0–1,1.4,Sparta R'dam,,Fortuna Sittard Stadion,Allard Lindhout,Match Report,
16,Wed,2021-01-13,21:00,Feyenoord,2.0,1–0,0.6,Zwolle,,Stadion Feijenoord,Bas Nijhuis,Match Report,
16,Thu,2021-01-14,18:45,Heerenveen,1.6,1–1,1.0,RKC Waalwijk,,Abe Lenstra Stadion,Martin van den Kerkhof,Match Report,
16,Thu,2021-01-14,20:00,Twente,1.4,1–3,3.5,Ajax,,De Grolsch Veste,Pol van Boekel,Match Report,
16,Thu,2021-01-14,21:00,Willem II,1.2,2–3,1.8,Groningen,,Koning Willem II Stadion,Marc Nagtegaal,Match Report,
17,Sat,2021-01-16,16:30,Emmen,1.5,1–4,1.9,Vitesse,,De Oude Meerdijk,Jochem Kamphuis,Match Report,
17,Sat,2021-01-16,18:45,Sparta R'dam,1.7,3–5,2.2,PSV Eindhoven,,Sparta-Stadion Het Kasteel,Bas Nijhuis,Match Report,
17,Sat,2021-01-16,20:00,Zwolle,0.6,0–2,1.8,Fortuna Sittard,,MAC³PARK Stadion,Christiaan Bax,Match Report,
17,Sat,2021-01-16,20:00,Utrecht,2.3,2–0,0.1,Heracles Almelo,,Stadion Galgenwaard,Ingmar Oostrom,Match Report,
17,Sat,2021-01-16,21:00,AZ Alkmaar,3.2,2–1,0.9,ADO Den Haag,,AFAS Stadion,Björn Kuipers,Match Report,
17,Sun,2021-01-17,12:15,RKC Waalwijk,1.5,1–1,1.1,Willem II,,Mandemakers Stadion,Allard Lindhout,Match Report,
17,Sun,2021-01-17,14:30,Groningen,1.7,2–2,1.0,Twente,,Hitachi Capital Mobility Stadion,Kevin Blom,Match Report,
17,Sun,2021-01-17,14:30,VVV-Venlo,0.6,1–1,1.9,Heerenveen,,Seacon Stadion De Koel,Erwin Blank,Match Report,
17,Sun,2021-01-17,16:45,Ajax,1.2,1–0,0.9,Feyenoord,,Johan Cruyff ArenA,Danny Makkelie,Match Report,
18,Fri,2021-01-22,20:00,Willem II,0.6,1–3,3.2,Zwolle,,Koning Willem II Stadion,Sander Van der Eijk,Match Report,
18,Sat,2021-01-23,16:30,ADO Den Haag,0.7,0–0,1.1,Emmen,,Cars Jeans Stadion,Bas Nijhuis,Match Report,
18,Sat,2021-01-23,18:45,Vitesse,1.7,1–0,0.4,Groningen,,GelreDome,Björn Kuipers,Match Report,
18,Sat,2021-01-23,20:00,PSV Eindhoven,1.1,2–0,1.0,RKC Waalwijk,,Philips Stadion,Danny Makkelie,Match Report,
18,Sat,2021-01-23,21:00,Heracles Almelo,1.8,1–0,0.5,Heerenveen,,Erve Asito,Jochem Kamphuis,Match Report,
18,Sun,2021-01-24,12:15,Fortuna Sittard,1.2,1–2,3.5,Ajax,,Fortuna Sittard Stadion,Dennis Higler,Match Report,
18,Sun,2021-01-24,14:30,Twente,1.5,0–1,0.7,VVV-Venlo,,De Grolsch Veste,Martin van den Kerkhof,Match Report,
18,Sun,2021-01-24,14:30,Utrecht,1.4,1–0,0.5,Sparta R'dam,,Stadion Galgenwaard,Serdar Gözübüyük,Match Report,
18,Sun,2021-01-24,16:45,Feyenoord,1.4,2–3,3.0,AZ Alkmaar,,Stadion Feijenoord,Allard Lindhout,Match Report,
19,Tue,2021-01-26,18:45,Zwolle,0.8,2–2,1.6,Heracles Almelo,,MAC³PARK Stadion,Marc Nagtegaal,Match Report,
19,Tue,2021-01-26,20:00,Emmen,0.3,0–2,2.2,PSV Eindhoven,,De Oude Meerdijk,Jeroen Manschot,Match Report,
19,Tue,2021-01-26,21:00,Groningen,1.5,3–0,0.5,ADO Den Haag,,Hitachi Capital Mobility Stadion,Rob Dieperink,Match Report,
19,Wed,2021-01-27,18:45,AZ Alkmaar,1.3,0–1,1.2,Utrecht,,AFAS Stadion,Dennis Higler,Match Report,
19,Wed,2021-01-27,20:00,RKC Waalwijk,0.8,1–2,3.1,Fortuna Sittard,,Mandemakers Stadion,Laurens Gerrets,Match Report,
19,Wed,2021-01-27,20:00,VVV-Venlo,1.9,4–1,1.9,Vitesse,,Seacon Stadion De Koel,Allard Lindhout,Match Report,
19,Wed,2021-01-27,21:00,Heerenveen,2.4,3–0,1.2,Feyenoord,,Abe Lenstra Stadion,Pol van Boekel,Match Report,
19,Thu,2021-01-28,18:45,Sparta R'dam,1.1,0–0,0.5,Twente,,Sparta-Stadion Het Kasteel,Edwin van de Graaf,Match Report,
19,Thu,2021-01-28,21:00,Ajax,2.6,3–1,0.9,Willem II,,Johan Cruyff ArenA,Siemen Mulder,Match Report,
20,Sat,2021-01-30,16:30,Heracles Almelo,1.1,1–0,1.5,Groningen,,Erve Asito,Pol van Boekel,Match Report,
20,Sat,2021-01-30,18:45,Utrecht,2.7,3–3,1.4,Zwolle,,Stadion Galgenwaard,Jannick van der Laan,Match Report,
20,Sat,2021-01-30,20:00,Fortuna Sittard,1.4,3–2,1.0,VVV-Venlo,,Fortuna Sittard Stadion,Serdar Gözübüyük,Match Report,
20,Sat,2021-01-30,21:00,Vitesse,0.5,1–1,0.6,RKC Waalwijk,,GelreDome,Richard Martens,Match Report,
20,Sun,2021-01-31,12:15,Twente,1.6,0–0,0.3,Heerenveen,,De Grolsch Veste,Jeroen Manschot,Match Report,
20,Sun,2021-01-31,14:30,Feyenoord,1.2,3–1,1.8,PSV Eindhoven,,Stadion Feijenoord,Dennis Higler,Match Report,
20,Sun,2021-01-31,14:30,Willem II,1.8,2–0,1.3,Emmen,,Koning Willem II Stadion,Björn Kuipers,Match Report,
20,Sun,2021-01-31,16:45,AZ Alkmaar,2.1,0–3,2.0,Ajax,,AFAS Stadion,Bas Nijhuis,Match Report,
20,Sun,2021-01-31,16:45,ADO Den Haag,0.8,1–1,1.3,Sparta R'dam,,Cars Jeans Stadion,Erwin Blank,Match Report,
21,Fri,2021-02-05,20:00,Fortuna Sittard,1.0,0–1,0.9,Heracles Almelo,,Fortuna Sittard Stadion,Martin Perez,Match Report,
21,Sat,2021-02-06,14:00,Emmen,0.5,0–1,1.3,AZ Alkmaar,,De Oude Meerdijk,Pol van Boekel,Match Report,
21,Sat,2021-02-06,14:00,Zwolle,1.6,1–1,0.7,RKC Waalwijk,,MAC³PARK Stadion,Björn Kuipers,Match Report,
21,Sat,2021-02-06,16:30,PSV Eindhoven,3.0,3–0,0.2,Twente,,Philips Stadion,Siemen Mulder,Match Report,
21,Sat,2021-02-06,16:30,Heerenveen,1.6,1–0,0.7,Vitesse,,Abe Lenstra Stadion,Bas Nijhuis,Match Report,
22,Fri,2021-02-12,18:45,RKC Waalwijk,1.3,1–0,0.6,Emmen,,Mandemakers Stadion,Edwin van de Graaf,Match Report,
22,Sat,2021-02-13,12:00,Groningen,1.5,1–0,0.6,Zwolle,,Hitachi Capital Mobility Stadion,Jeroen Manschot,Match Report,
22,Sat,2021-02-13,14:15,Sparta R'dam,1.6,1–2,2.0,Fortuna Sittard,,Sparta-Stadion Het Kasteel,Martin van den Kerkhof,Match Report,
22,Sat,2021-02-13,16:30,ADO Den Haag,0.6,2–2,5.2,PSV Eindhoven,,Cars Jeans Stadion,Pol van Boekel,Match Report,
22,Sat,2021-02-13,18:45,Heracles Almelo,2.3,0–2,1.6,Ajax,,Erve Asito,Kevin Blom,Match Report,
22,Sun,2021-02-14,12:15,AZ Alkmaar,2.7,3–1,1.3,Heerenveen,,AFAS Stadion,Danny Makkelie,Match Report,
22,Sun,2021-02-14,14:30,Feyenoord,3.3,5–0,0.6,Willem II,,Stadion Feijenoord,Jochem Kamphuis,Match Report,
22,Sun,2021-02-14,14:30,Utrecht,3.7,3–1,1.5,VVV-Venlo,,Stadion Galgenwaard,Bas Nijhuis,Match Report,
22,Sun,2021-02-14,16:45,Vitesse,0.6,0–2,1.7,Twente,,GelreDome,Sander Van der Eijk,Match Report,
23,Fri,2021-02-19,20:00,Willem II,0.4,0–6,4.6,Utrecht,,Koning Willem II Stadion,Rob Dieperink,Match Report,
23,Sat,2021-02-20,18:45,Emmen,1.3,3–2,1.2,Zwolle,,De Oude Meerdijk,Serdar Gözübüyük,Match Report,
23,Sat,2021-02-20,20:00,VVV-Venlo,0.4,1–4,3.1,AZ Alkmaar,,Seacon Stadion De Koel,Jochem Kamphuis,Match Report,
23,Sat,2021-02-20,21:00,Fortuna Sittard,2.3,2–0,0.3,ADO Den Haag,,Fortuna Sittard Stadion,Bas Nijhuis,Match Report,
23,Sun,2021-02-21,12:15,Twente,2.7,2–2,2.0,Feyenoord,,De Grolsch Veste,Danny Makkelie,Match Report,
23,Sun,2021-02-21,14:30,RKC Waalwijk,0.9,3–0,1.0,Heracles Almelo,,Mandemakers Stadion,Christiaan Bax,Match Report,
23,Sun,2021-02-21,14:30,Heerenveen,1.2,1–1,2.2,Groningen,,Abe Lenstra Stadion,Kevin Blom,Match Report,
23,Sun,2021-02-21,16:45,PSV Eindhoven,3.2,3–1,1.0,Vitesse,,Philips Stadion,Björn Kuipers,Match Report,
23,Sun,2021-02-21,20:00,Ajax,2.2,4–2,1.6,Sparta R'dam,,Johan Cruyff ArenA,Jeroen Manschot,Match Report,
21,Wed,2021-02-24,16:30,Willem II,1.6,1–1,1.1,ADO Den Haag,,Koning Willem II Stadion,Siemen Mulder,Match Report,
21,Wed,2021-02-24,18:45,Groningen,1.1,0–0,1.7,Feyenoord,,Hitachi Capital Mobility Stadion,Martin van den Kerkhof,Match Report,
24,Fri,2021-02-26,20:00,Zwolle,2.1,4–1,1.0,Heerenveen,,MAC³PARK Stadion,Laurens Gerrets,Match Report,
24,Sat,2021-02-27,16:30,Utrecht,1.7,0–1,1.7,Emmen,,Stadion Galgenwaard,Christiaan Bax,Match Report,
24,Sat,2021-02-27,18:45,ADO Den Haag,1.1,0–0,0.2,RKC Waalwijk,,Cars Jeans Stadion,Jochem Kamphuis,Match Report,
24,Sat,2021-02-27,20:00,Vitesse,2.1,4–1,1.0,VVV-Venlo,,GelreDome,Erwin Blank,Match Report,
24,Sat,2021-02-27,21:00,Heracles Almelo,0.8,2–2,0.3,Twente,,Erve Asito,Dennis Higler,Match Report,
24,Sun,2021-02-28,12:15,Sparta R'dam,0.8,0–2,2.5,Willem II,,Sparta-Stadion Het Kasteel,Kevin Blom,Match Report,
24,Sun,2021-02-28,14:30,PSV Eindhoven,1.6,1–1,2.5,Ajax,,Philips Stadion,Danny Makkelie,Match Report,
24,Sun,2021-02-28,14:30,Groningen,0.4,1–0,0.8,Fortuna Sittard,,Hitachi Capital Mobility Stadion,Jannick van der Laan,Match Report,
24,Sun,2021-02-28,16:45,AZ Alkmaar,1.9,4–2,1.2,Feyenoord,,AFAS Stadion,Björn Kuipers,Match Report,
25,Fri,2021-03-05,20:00,Emmen,1.7,1–1,1.1,Sparta R'dam,,De Oude Meerdijk,Danny Makkelie,Match Report,
25,Sat,2021-03-06,16:30,Feyenoord,2.1,6–0,0.2,VVV-Venlo,,Stadion Feijenoord,Edwin van de Graaf,Match Report,
25,Sat,2021-03-06,18:45,Twente,1.6,1–1,1.6,Willem II,,De Grolsch Veste,Serdar Gözübüyük,Match Report,
25,Sat,2021-03-06,20:00,Heerenveen,2.7,3–0,1.0,ADO Den Haag,,Abe Lenstra Stadion,Björn Kuipers,Match Report,
25,Sat,2021-03-06,21:00,RKC Waalwijk,1.2,1–2,2.5,Utrecht,,Mandemakers Stadion,Sander Van der Eijk,Match Report,
25,Sun,2021-03-07,12:15,Ajax,3.7,3–1,0.9,Groningen,,Johan Cruyff ArenA,Dennis Higler,Match Report,
25,Sun,2021-03-07,14:30,Fortuna Sittard,1.0,1–3,2.7,PSV Eindhoven,,Fortuna Sittard Stadion,Allard Lindhout,Match Report,
25,Sun,2021-03-07,14:30,Heracles Almelo,2.7,2–1,0.9,Zwolle,,Erve Asito,Bas Nijhuis,Match Report,
25,Sun,2021-03-07,16:45,Vitesse,1.1,2–1,1.6,AZ Alkmaar,,GelreDome,Pol van Boekel,Match Report,
21,Tue,2021-03-09,18:45,VVV-Venlo,0.8,0–1,0.6,Sparta R'dam,,Seacon Stadion De Koel,Christiaan Bax,Match Report,
26,Sat,2021-03-13,16:30,Willem II,2.0,3–1,2.2,Heerenveen,,Koning Willem II Stadion,Jeroen Manschot,Match Report,
26,Sat,2021-03-13,18:45,ADO Den Haag,1.0,1–2,1.4,Heracles Almelo,,Cars Jeans Stadion,Richard Martens,Match Report,
26,Sat,2021-03-13,20:00,AZ Alkmaar,1.9,4–1,1.0,Twente,,AFAS Stadion,Kevin Blom,Match Report,
26,Sat,2021-03-13,20:00,Groningen,1.1,1–1,1.5,Emmen,,Hitachi Capital Mobility Stadion,Allard Lindhout,Match Report,
26,Sat,2021-03-13,21:00,Sparta R'dam,1.7,2–0,0.4,RKC Waalwijk,,Sparta-Stadion Het Kasteel,Rob Dieperink,Match Report,
26,Sun,2021-03-14,12:15,VVV-Venlo,1.8,1–3,2.3,Fortuna Sittard,,Seacon Stadion De Koel,Siemen Mulder,Match Report,
26,Sun,2021-03-14,14:30,Utrecht,2.5,1–3,1.3,Vitesse,,Stadion Galgenwaard,Jochem Kamphuis,Match Report,
26,Sun,2021-03-14,14:30,PSV Eindhoven,1.8,1–1,1.0,Feyenoord,,Philips Stadion,Bas Nijhuis,Match Report,
26,Sun,2021-03-14,16:45,Zwolle,0.1,0–2,2.8,Ajax,,MAC³PARK Stadion,Pol van Boekel,Match Report,
27,Fri,2021-03-19,20:00,Heerenveen,0.6,0–0,1.5,Twente,,Abe Lenstra Stadion,Martin van den Kerkhof,Match Report,
27,Sat,2021-03-20,16:30,Fortuna Sittard,0.4,0–1,2.4,Utrecht,,Fortuna Sittard Stadion,Björn Kuipers,Match Report,
27,Sat,2021-03-20,20:00,Feyenoord,1.1,1–1,1.3,Emmen,,Stadion Feijenoord,Kevin Blom,Match Report,
27,Sat,2021-03-20,21:00,RKC Waalwijk,2.2,3–1,2.1,Groningen,,Mandemakers Stadion,Edwin van de Graaf,Match Report,
27,Sun,2021-03-21,12:15,Zwolle,2.0,2–1,1.3,VVV-Venlo,,MAC³PARK Stadion,Ingmar Oostrom,Match Report,
27,Sun,2021-03-21,14:30,Vitesse,0.6,0–0,1.3,Willem II,,GelreDome,Danny Makkelie,Match Report,
27,Sun,2021-03-21,14:30,AZ Alkmaar,0.4,2–0,1.7,PSV Eindhoven,,AFAS Stadion,Dennis Higler,Match Report,
27,Sun,2021-03-21,16:45,Heracles Almelo,0.7,1–1,1.7,Sparta R'dam,,Erve Asito,Siemen Mulder,Match Report,
27,Sun,2021-03-21,20:00,Ajax,3.6,5–0,0.1,ADO Den Haag,,Johan Cruyff ArenA,Allard Lindhout,Match Report,
28,Sat,2021-04-03,18:45,VVV-Venlo,0.6,0–1,0.6,Groningen,,Seacon Stadion De Koel,Bas Nijhuis,Match Report,
28,Sat,2021-04-03,20:00,Twente,0.8,1–2,3.4,Vitesse,,De Grolsch Veste,Pol van Boekel,Match Report,
28,Sat,2021-04-03,20:00,Willem II,0.5,0–1,0.9,AZ Alkmaar,,Koning Willem II Stadion,Kevin Blom,Match Report,
28,Sat,2021-04-03,21:00,Sparta R'dam,2.9,3–2,1.8,Zwolle,,Sparta-Stadion Het Kasteel,Edwin van de Graaf,Match Report,
28,Sun,2021-04-04,12:15,Feyenoord,2.1,2–0,0.5,Fortuna Sittard,,Stadion Feijenoord,Allard Lindhout,Match Report,
28,Sun,2021-04-04,14:30,PSV Eindhoven,1.1,3–0,0.4,Heracles Almelo,,Philips Stadion,Martin van den Kerkhof,Match Report,
28,Sun,2021-04-04,14:30,ADO Den Haag,0.3,1–4,3.5,Utrecht,,Cars Jeans Stadion,Dennis Higler,Match Report,
28,Sun,2021-04-04,16:45,Emmen,4.0,3–1,0.3,RKC Waalwijk,,De Oude Meerdijk,Danny Makkelie,Match Report,
28,Sun,2021-04-04,16:45,Heerenveen,0.8,1–2,2.0,Ajax,,Abe Lenstra Stadion,Jochem Kamphuis,Match Report,
29,Fri,2021-04-09,20:00,Vitesse,1.3,0–0,0.3,ADO Den Haag,,GelreDome,Jochem Kamphuis,Match Report,
29,Sat,2021-04-10,18:45,Heracles Almelo,1.6,4–0,0.6,Willem II,,Erve Asito,Pol van Boekel,Match Report,
29,Sat,2021-04-10,20:00,Fortuna Sittard,0.9,1–3,3.1,Emmen,,Fortuna Sittard Stadion,Joey Kooij,Match Report,
29,Sat,2021-04-10,20:00,AZ Alkmaar,2.4,2–0,0.3,Sparta R'dam,,AFAS Stadion,Björn Kuipers,Match Report,
29,Sat,2021-04-10,21:00,Zwolle,0.7,1–0,1.0,Twente,,MAC³PARK Stadion,Richard Martens,Match Report,
29,Sun,2021-04-11,12:15,Utrecht,0.9,1–2,0.4,Feyenoord,,Stadion Galgenwaard,Danny Makkelie,Match Report,
29,Sun,2021-04-11,14:30,VVV-Venlo,0.2,0–2,2.2,PSV Eindhoven,,Seacon Stadion De Koel,Kevin Blom,Match Report,
29,Sun,2021-04-11,14:30,Groningen,1.4,0–2,2.4,Heerenveen,,Hitachi Capital Mobility Stadion,Dennis Higler,Match Report,
29,Sun,2021-04-11,16:45,RKC Waalwijk,0.2,0–1,1.3,Ajax,,Mandemakers Stadion,Bas Nijhuis,Match Report,
21,Thu,2021-04-22,18:45,Ajax,2.7,1–1,1.0,Utrecht,,Johan Cruyff ArenA,Allard Lindhout,Match Report,
30,Fri,2021-04-23,18:45,Willem II,2.6,1–0,0.5,RKC Waalwijk,2,000,Koning Willem II Stadion,Danny Makkelie,Match Report,
30,Sat,2021-04-24,16:30,Heerenveen,0.5,0–2,0.4,Zwolle,2,000,Abe Lenstra Stadion,Rob Dieperink,Match Report,
30,Sat,2021-04-24,18:45,PSV Eindhoven,3.0,1–0,0.7,Groningen,,Philips Stadion,Jeroen Manschot,Match Report,
30,Sat,2021-04-24,18:45,Sparta R'dam,2.0,2–0,1.0,VVV-Venlo,1,184,Sparta-Stadion Het Kasteel,Sander Van der Eijk,Match Report,
30,Sun,2021-04-25,12:15,Emmen,1.6,3–1,1.1,Heracles Almelo,987,De Oude Meerdijk,Jochem Kamphuis,Match Report,
30,Sun,2021-04-25,14:30,Ajax,3.3,2–0,1.0,AZ Alkmaar,7,500,Johan Cruyff ArenA,Pol van Boekel,Match Report,
30,Sun,2021-04-25,14:30,ADO Den Haag,1.2,0–3,2.3,Fortuna Sittard,939,Cars Jeans Stadion,Bas Nijhuis,Match Report,
30,Sun,2021-04-25,16:45,Feyenoord,1.7,0–0,1.9,Vitesse,6,500,Stadion Feijenoord,Dennis Higler,Match Report,
30,Sun,2021-04-25,16:45,Twente,0.8,1–2,1.5,Utrecht,4,000,De Grolsch Veste,Kevin Blom,Match Report,
31,Sat,2021-05-01,16:30,Heracles Almelo,2.2,4–0,1.4,VVV-Venlo,,Erve Asito,Björn Kuipers,Match Report,
31,Sat,2021-05-01,18:45,Fortuna Sittard,4.1,3–0,0.3,Twente,,Fortuna Sittard Stadion,Laurens Gerrets,Match Report,
31,Sat,2021-05-01,20:00,RKC Waalwijk,0.9,1–3,3.2,AZ Alkmaar,,Mandemakers Stadion,Dennis Higler,Match Report,
31,Sat,2021-05-01,20:00,Vitesse,1.9,2–1,1.6,Zwolle,,GelreDome,Joey Kooij,Match Report,
31,Sat,2021-05-01,21:00,Utrecht,1.1,3–2,1.5,Willem II,,Stadion Galgenwaard,Jeroen Manschot,Match Report,
31,Sun,2021-05-02,12:15,ADO Den Haag,1.6,3–2,1.4,Feyenoord,,Cars Jeans Stadion,Pol van Boekel,Match Report,
31,Sun,2021-05-02,14:30,Groningen,1.1,1–2,1.4,Sparta R'dam,,Hitachi Capital Mobility Stadion,Danny Makkelie,Match Report,
31,Sun,2021-05-02,14:30,Ajax,2.7,4–0,0.8,Emmen,,Johan Cruyff ArenA,Kevin Blom,Match Report,
31,Sun,2021-05-02,16:45,PSV Eindhoven,1.4,2–2,0.7,Heerenveen,,Philips Stadion,Allard Lindhout,Match Report,
32,Fri,2021-05-07,20:00,Sparta R'dam,1.9,3–0,0.9,Vitesse,,Sparta-Stadion Het Kasteel,Bas Nijhuis,Match Report,
32,Sat,2021-05-08,16:30,Twente,1.0,1–1,0.3,Heracles Almelo,,De Grolsch Veste,Allard Lindhout,Match Report,
32,Sat,2021-05-08,18:45,Heerenveen,0.7,0–0,0.9,Utrecht,,Abe Lenstra Stadion,Pol van Boekel,Match Report,
32,Sat,2021-05-08,20:00,AZ Alkmaar,1.9,1–0,0.5,Fortuna Sittard,,AFAS Stadion,Edwin van de Graaf,Match Report,
32,Sat,2021-05-08,21:00,VVV-Venlo,2.4,3–3,2.0,RKC Waalwijk,,Seacon Stadion De Koel,Jochem Kamphuis,Match Report,
32,Sun,2021-05-09,12:15,Emmen,0.3,0–4,2.0,Groningen,,De Oude Meerdijk,Serdar Gözübüyük,Match Report,
32,Sun,2021-05-09,14:30,Zwolle,0.5,0–1,0.4,ADO Den Haag,,MAC³PARK Stadion,Jeroen Manschot,Match Report,
32,Sun,2021-05-09,14:30,Feyenoord,2.2,0–3,0.6,Ajax,,Stadion Feijenoord,Danny Makkelie,Match Report,
32,Sun,2021-05-09,16:45,Willem II,0.0,0–2,0.9,PSV Eindhoven,,Koning Willem II Stadion,Dennis Higler,Match Report,
33,Thu,2021-05-13,14:30,Ajax,3.7,3–1,0.9,VVV-Venlo,,Johan Cruyff ArenA,Dennis Higler,Match Report,
33,Thu,2021-05-13,14:30,ADO Den Haag,1.4,1–4,3.2,Willem II,,Cars Jeans Stadion,Jochem Kamphuis,Match Report,
33,Thu,2021-05-13,14:30,PSV Eindhoven,2.8,4–2,0.8,Zwolle,,Philips Stadion,Serdar Gözübüyük,Match Report,
33,Thu,2021-05-13,14:30,Fortuna Sittard,0.8,3–3,1.9,Vitesse,,Fortuna Sittard Stadion,Marc Nagtegaal,Match Report,
33,Thu,2021-05-13,14:30,Heracles Almelo,1.5,1–1,1.2,Feyenoord,,Erve Asito,Jeroen Manschot,Match Report,
33,Thu,2021-05-13,14:30,RKC Waalwijk,1.5,2–1,1.1,Twente,,Mandemakers Stadion,Martin van den Kerkhof,Match Report,
33,Thu,2021-05-13,14:30,Sparta R'dam,0.9,0–0,2.0,Utrecht,,Sparta-Stadion Het Kasteel,Ingmar Oostrom,Match Report,
33,Thu,2021-05-13,14:30,Emmen,3.5,3–1,0.2,Heerenveen,,De Oude Meerdijk,Bas Nijhuis,Match Report,
33,Thu,2021-05-13,14:30,Groningen,0.8,0–0,1.6,AZ Alkmaar,,Hitachi Capital Mobility Stadion,Allard Lindhout,Match Report,
34,Sun,2021-05-16,14:30,Vitesse,0.8,1–3,3.4,Ajax,,GelreDome,Serdar Gözübüyük,Match Report,
34,Sun,2021-05-16,14:30,Zwolle,0.6,1–0,1.4,Groningen,,MAC³PARK Stadion,Richard Martens,Match Report,
34,Sun,2021-05-16,14:30,Twente,3.1,3–2,0.6,ADO Den Haag,,De Grolsch Veste,Dennis Higler,Match Report,
34,Sun,2021-05-16,14:30,Heerenveen,0.7,1–2,0.6,Sparta R'dam,,Abe Lenstra Stadion,Jeroen Manschot,Match Report,
34,Sun,2021-05-16,14:30,Feyenoord,1.7,3–0,0.2,RKC Waalwijk,,Stadion Feijenoord,Bas Nijhuis,Match Report,
34,Sun,2021-05-16,14:30,Utrecht,1.4,1–1,0.8,PSV Eindhoven,,Stadion Galgenwaard,Björn Kuipers,Match Report,
34,Sun,2021-05-16,14:30,AZ Alkmaar,4.6,5–0,0.5,Heracles Almelo,,AFAS Stadion,Jochem Kamphuis,Match Report,
34,Sun,2021-05-16,14:30,Willem II,2.1,2–1,0.5,Fortuna Sittard,,Koning Willem II Stadion,Allard Lindhout,Match Report,
34,Sun,2021-05-16,14:30,VVV-Venlo,1.0,0–4,3.2,Emmen,,Seacon Stadion De Koel,Danny Makkelie,Match Report