Round,Wk,Day,Date,Time,Home,xG_home,Score,xG_away,Away,Attendance,Venue,Referee,Match Report,Notes
Apertura 2022 Regular Season,1,Sat,2022-07-02,17:00 (00:00),Necaxa,1.5,1–3,1.0,Toluca,10669,Estadio Victoria de Aguascalientes,Luis Santander,Match Report,
Apertura 2022 Regular Season,1,Sat,2022-07-02,17:00 (00:00),Guadalajara,1.5,0–0,0.4,FC Juárez,17424,Estadio Akron,Ismael Lopez,Match Report,
Apertura 2022 Regular Season,1,Fri,2022-07-01,20:05 (04:05),Mazatlán,0.6,2–4,2.7,Puebla,9181,Estadio de Mazatlán,Daniel Quintero,Match Report,
Apertura 2022 Regular Season,1,Sun,2022-07-03,12:00 (19:00),UNAM,1.4,1–1,1.2,Tijuana,15092,Estadio Olímpico de Universitario,Adonai Escobedo,Match Report,
Apertura 2022 Regular Season,1,Sun,2022-07-03,17:00 (00:00),Atlético,1.1,1–2,2.6,León,10218,Estadio Alfonso Lastras Ramírez,Fernando Hernández,Match Report,
Apertura 2022 Regular Season,1,Sat,2022-07-02,19:05 (02:05),UANL,2.0,2–3,1.3,Cruz Azul,41273,Estadio Universitario de Nuevo León,Oscar Mejia,Match Report,
Apertura 2022 Regular Season,1,Sat,2022-07-02,21:05 (04:05),América,0.8,0–0,0.9,Atlas,27577,Estadio Azteca,Fernando Guerrero,Match Report,
Apertura 2022 Regular Season,1,Sun,2022-07-03,19:05 (02:05),Santos,3.9,4–3,2.3,Monterrey,13218,Estadio Nuevo Corona,Jorge Pérez,Match Report,
Apertura 2022 Regular Season,1,Mon,2022-07-04,21:00 (04:00),Pachuca,1.2,2–0,0.8,Querétaro,6167,Estadio Hidalgo,César Arturo Ramos,Match Report,
Apertura 2022 Regular Season,2,Fri,2022-07-08,18:00 (02:00),Mazatlán,0.7,0–1,1.4,UANL,12112,Estadio de Mazatlán,Adonai Escobedo,Match Report,
Apertura 2022 Regular Season,2,Fri,2022-07-08,19:05 (04:05),Tijuana,0.3,0–2,0.9,FC Juárez,19733,Estadio Caliente,Óscar Macias,Match Report,
Apertura 2022 Regular Season,2,Fri,2022-07-08,21:05 (04:05),Puebla,1.1,1–0,0.7,Santos,14303,Estadio Cuauhtémoc,César Arturo Ramos,Match Report,
Apertura 2022 Regular Season,2,Sun,2022-07-10,12:00 (19:00),Toluca,1.5,3–2,4.7,Atlas,22249,Estadio Nemesio Díez,Fernando Hernández,Match Report,
Apertura 2022 Regular Season,2,Sun,2022-07-10,17:00 (00:00),Querétaro,1.0,1–2,1.9,Necaxa,,Estadio La Corregidora,Fernando Guerrero,Match Report,
Apertura 2022 Regular Season,2,Sat,2022-07-09,19:00 (02:00),León,0.8,3–3,2.2,UNAM,6924,Estadio León,Jesus Lopez,Match Report,
Apertura 2022 Regular Season,2,Sat,2022-07-09,19:05 (02:05),Guadalajara,1.1,0–1,0.5,Atlético,18363,Estadio Akron,Oscar Mejia,Match Report,
Apertura 2022 Regular Season,2,Sat,2022-07-09,21:05 (04:05),Monterrey,1.2,3–2,1.4,América,41342,Estadio BBVA Bancomer,Marco Ortíz,Match Report,
Apertura 2022 Regular Season,2,Sat,2022-07-09,21:05 (04:05),Cruz Azul,1.3,1–2,2.2,Pachuca,17148,Estadio Azteca,Victor Caceres,Match Report,
Apertura 2022 Regular Season,3,Wed,2022-07-13,21:00 (04:00),América,1.6,1–0,0.6,Toluca,36090,Estadio Azteca,Adonai Escobedo,Match Report,
Apertura 2022 Regular Season,3,Sat,2022-07-16,17:00 (00:00),Atlas,1.6,3–2,1.2,Cruz Azul,13185,Estadio Jalisco,Óscar Macias,Match Report,
Apertura 2022 Regular Season,3,Fri,2022-07-15,19:00 (02:00),Puebla,1.1,1–1,0.8,León,15850,Estadio Cuauhtémoc,Erick Miranda,Match Report,
Apertura 2022 Regular Season,3,Fri,2022-07-15,20:05 (04:05),FC Juárez,2.1,1–1,0.4,Querétaro,13453,Estadio Olímpico Benito Juárez,Eduardo Galván,Match Report,
Apertura 2022 Regular Season,3,Sun,2022-07-17,12:00 (19:00),UNAM,1.2,1–0,0.7,Necaxa,15795,Estadio Olímpico de Universitario,Daniel Quintero,Match Report,
Apertura 2022 Regular Season,3,Sun,2022-07-17,17:00 (00:00),Atlético,0.8,0–1,1.7,Monterrey,14842,Estadio Alfonso Lastras Ramírez,Fernando Guerrero,Match Report,
Apertura 2022 Regular Season,3,Sat,2022-07-16,19:05 (02:05),Santos,0.7,1–1,1.9,Guadalajara,15611,Estadio Nuevo Corona,Marco Ortíz,Match Report,
Apertura 2022 Regular Season,3,Sun,2022-07-17,19:00 (02:00),UANL,1.4,1–0,0.3,Tijuana,40583,Estadio Universitario de Nuevo León,Victor Caceres,Match Report,
Apertura 2022 Regular Season,3,Mon,2022-07-18,19:00 (02:00),Pachuca,1.4,1–1,0.8,Mazatlán,7482,Estadio Hidalgo,Jorge Camacho,Match Report,
Apertura 2022 Regular Season,4,Wed,2022-07-20,21:05 (04:05),Guadalajara,1.5,0–0,0.8,León,23305,Estadio Akron,Jorge Pérez,Match Report,
Apertura 2022 Regular Season,4,Thu,2022-07-21,21:00 (04:00),Querétaro,0.6,0–3,1.7,Monterrey,,Estadio La Corregidora,Luis Santander,Match Report,
Apertura 2022 Regular Season,4,Sat,2022-07-23,17:00 (00:00),Toluca,3.3,2–1,0.7,Santos,18503,Estadio Nemesio Díez,Diego Montaño,Match Report,
Apertura 2022 Regular Season,4,Fri,2022-07-22,18:00 (02:00),Mazatlán,2.5,1–1,1.8,Atlético,8756,Estadio de Mazatlán,Ismael Lopez,Match Report,
Apertura 2022 Regular Season,4,Fri,2022-07-22,21:05 (04:05),Necaxa,0.4,1–0,0.9,FC Juárez,11510,Estadio Victoria de Aguascalientes,César Arturo Ramos,Match Report,
Apertura 2022 Regular Season,4,Sat,2022-07-23,18:05 (03:05),Tijuana,1.5,2–0,0.1,América,29333,Estadio Caliente,Fernando Hernández,Match Report,
Apertura 2022 Regular Season,4,Sat,2022-07-23,19:05 (02:05),Cruz Azul,2.3,2–2,0.5,Puebla,14799,Estadio Azteca,Fernando Guerrero,Match Report,
Apertura 2022 Regular Season,4,Sat,2022-07-23,21:05 (04:05),UANL,1.9,2–0,0.4,Atlas,42615,Estadio Universitario de Nuevo León,Marco Ortíz,Match Report,
Apertura 2022 Regular Season,4,Sun,2022-07-24,19:00 (02:00),Pachuca,1.2,0–0,0.9,UNAM,8305,Estadio Hidalgo,Brian Gonzalez,Match Report,
Apertura 2022 Regular Season,5,Tue,2022-07-26,18:00 (02:00),FC Juárez,0.8,0–1,0.7,UANL,13336,Estadio Olímpico Benito Juárez,Fernando Hernández,Match Report,
Apertura 2022 Regular Season,5,Tue,2022-07-26,19:00 (02:00),Monterrey,3.2,1–0,0.1,Puebla,35893,Estadio BBVA Bancomer,Óscar Macias,Match Report,
Apertura 2022 Regular Season,5,Tue,2022-07-26,19:00 (02:00),Atlas,0.8,1–2,1.2,Tijuana,12481,Estadio Jalisco,Diego Montaño,Match Report,
Apertura 2022 Regular Season,5,Tue,2022-07-26,21:05 (04:05),Atlético,1.3,0–0,0.5,Cruz Azul,17628,Estadio Alfonso Lastras Ramírez,Adonai Escobedo,Match Report,
Apertura 2022 Regular Season,5,Tue,2022-07-26,21:05 (04:05),León,1.6,0–1,1.5,Toluca,21012,Estadio León,Guillermo Pacheco,Match Report,
Apertura 2022 Regular Season,5,Wed,2022-07-27,19:00 (02:00),Necaxa,0.7,2–0,1.1,Pachuca,11828,Estadio Victoria de Aguascalientes,Jorge Pérez,Match Report,
Apertura 2022 Regular Season,5,Wed,2022-07-27,19:00 (02:00),Querétaro,1.7,2–2,2.6,Guadalajara,,Estadio La Corregidora,César Arturo Ramos,Match Report,
Apertura 2022 Regular Season,5,Wed,2022-07-27,21:05 (04:05),UNAM,1.2,1–1,0.5,Mazatlán,35423,Estadio Olímpico de Universitario,Luis Santander,Match Report,
Apertura 2022 Regular Season,6,Sat,2022-07-30,17:00 (00:00),Cruz Azul,0.8,1–0,0.8,Necaxa,14556,Estadio Azteca,Erick Miranda,Match Report,
Apertura 2022 Regular Season,6,Fri,2022-07-29,20:05 (04:05),FC Juárez,0.6,1–1,0.4,Toluca,12854,Estadio Olímpico Benito Juárez,Fernando Guerrero,Match Report,
Apertura 2022 Regular Season,6,Sun,2022-07-31,12:00 (19:00),UNAM,0.6,1–1,0.4,Monterrey,26590,Estadio Olímpico de Universitario,Diego Montaño,Match Report,
Apertura 2022 Regular Season,6,Sat,2022-07-30,19:05 (04:05),Tijuana,1.0,2–0,0.5,Mazatlán,20333,Estadio Caliente,Daniel Quintero,Match Report,
Apertura 2022 Regular Season,6,Sat,2022-07-30,19:05 (02:05),UANL,0.9,2–1,1.3,Querétaro,41432,Estadio Universitario de Nuevo León,Ismael Lopez,Match Report,
Apertura 2022 Regular Season,6,Sat,2022-07-30,21:05 (04:05),Guadalajara,1.2,0–0,0.6,Pachuca,20551,Estadio Akron,Adonai Escobedo,Match Report,
Apertura 2022 Regular Season,6,Sat,2022-07-30,21:05 (04:05),Puebla,1.8,0–0,0.7,Atlético,12860,Estadio Cuauhtémoc,Marco Ortíz,Match Report,
Apertura 2022 Regular Season,6,Sun,2022-07-31,19:05 (02:05),Santos,0.6,1–0,0.7,Atlas,13671,Estadio Nuevo Corona,César Arturo Ramos,Match Report,
Apertura 2022 Regular Season,6,Sun,2022-07-31,21:05 (04:05),León,1.4,3–2,1.0,América,20964,Estadio León,Óscar Macias,Match Report,
Apertura 2022 Regular Season,16,Tue,2022-08-02,20:00 (03:00),Toluca,1.3,1–1,1.0,Puebla,17402,Estadio Nemesio Díez,Victor Caceres,Match Report,
Apertura 2022 Regular Season,16,Wed,2022-08-03,18:00 (02:00),FC Juárez,0.9,1–1,1.0,Atlético,12340,Estadio Olímpico Benito Juárez,Óscar Macias,Match Report,
Apertura 2022 Regular Season,7,Thu,2022-08-04,21:00 (04:00),Atlas,2.4,3–1,1.0,Querétaro,14804,Estadio Jalisco,Fernando Guerrero,Match Report,
Apertura 2022 Regular Season,7,Fri,2022-08-05,20:05 (04:05),Mazatlán,0.9,2–1,1.9,Guadalajara,14250,Estadio de Mazatlán,Jorge Camacho,Match Report,
Apertura 2022 Regular Season,7,Sun,2022-08-07,12:00 (19:00),Toluca,3.1,3–1,0.9,Tijuana,17435,Estadio Nemesio Díez,César Arturo Ramos,Match Report,
Apertura 2022 Regular Season,7,Sun,2022-08-07,16:00 (23:00),Atlético,0.5,1–2,0.7,Necaxa,9464,Estadio Alfonso Lastras Ramírez,Eduardo Galván,Match Report,
Apertura 2022 Regular Season,7,Sun,2022-08-07,18:05 (01:05),Pachuca,1.5,2–0,0.3,UANL,9516,Estadio Hidalgo,Daniel Quintero,Match Report,
Apertura 2022 Regular Season,7,Sat,2022-08-06,19:05 (02:05),Monterrey,4.0,5–1,1.2,León,37154,Estadio BBVA Bancomer,Marco Ortíz,Match Report,
Apertura 2022 Regular Season,7,Sat,2022-08-06,21:05 (04:05),Santos,1.5,4–0,1.4,Cruz Azul,15530,Estadio Nuevo Corona,Óscar Macias,Match Report,
Apertura 2022 Regular Season,7,Sun,2022-08-07,20:05 (03:05),América,1.1,2–1,2.1,FC Juárez,21957,Estadio Azteca,Luis Santander,Match Report,
Apertura 2022 Regular Season,8,Thu,2022-08-11,21:00 (04:00),Querétaro,1.8,1–1,1.7,Atlético,,Estadio La Corregidora,Erick Miranda,Match Report,
Apertura 2022 Regular Season,8,Sat,2022-08-13,17:00 (00:00),León,0.9,0–3,1.2,Mazatlán,23512,Estadio León,Eduardo Galván,Match Report,
Apertura 2022 Regular Season,8,Fri,2022-08-12,19:05 (04:05),Tijuana,1.4,3–3,0.9,Puebla,12860,Estadio Caliente,Luis Santander,Match Report,
Apertura 2022 Regular Season,8,Fri,2022-08-12,21:00 (04:00),Necaxa,0.6,1–2,0.8,Monterrey,10704,Estadio Victoria de Aguascalientes,Guillermo Pacheco,Match Report,
Apertura 2022 Regular Season,8,Sun,2022-08-14,17:00 (00:00),Cruz Azul,1.2,2–3,2.3,Toluca,21945,Estadio Azteca,Fernando Hernández,Match Report,
Apertura 2022 Regular Season,8,Sat,2022-08-13,19:05 (02:05),UNAM,0.5,0–3,2.6,América,45893,Estadio Olímpico de Universitario,Adonai Escobedo,Match Report,
Apertura 2022 Regular Season,8,Sat,2022-08-13,21:05 (04:05),Guadalajara,1.3,1–1,0.3,Atlas,34233,Estadio Akron,Marco Ortíz,Match Report,
Apertura 2022 Regular Season,8,Sun,2022-08-14,19:05 (02:05),UANL,1.6,2–0,1.6,Santos,41385,Estadio Universitario de Nuevo León,Diego Montaño,Match Report,
Apertura 2022 Regular Season,9,Tue,2022-08-16,18:00 (02:00),Mazatlán,0.3,1–1,1.3,Querétaro,10690,Estadio de Mazatlán,Luis Santander,Match Report,
Apertura 2022 Regular Season,9,Tue,2022-08-16,19:00 (02:00),Atlas,0.4,0–1,1.0,FC Juárez,11548,Estadio Jalisco,Adonai Escobedo,Match Report,
Apertura 2022 Regular Season,9,Tue,2022-08-16,21:05 (04:05),Puebla,2.0,2–2,1.3,Necaxa,15070,Estadio Cuauhtémoc,Fernando Guerrero,Match Report,
Apertura 2022 Regular Season,9,Wed,2022-08-17,19:00 (02:00),Toluca,0.6,1–1,1.3,Monterrey,26509,Estadio Nemesio Díez,Daniel Quintero,Match Report,
Apertura 2022 Regular Season,9,Wed,2022-08-17,21:05 (04:05),Pachuca,0.4,0–3,1.1,América,10938,Estadio Hidalgo,César Arturo Ramos,Match Report,
Apertura 2022 Regular Season,9,Wed,2022-08-17,21:05 (04:05),Cruz Azul,0.7,1–2,1.0,Tijuana,12492,Estadio Azteca,Diego Montaño,Match Report,
Apertura 2022 Regular Season,9,Thu,2022-08-18,19:05 (02:05),Santos,1.4,2–1,0.3,León,10164,Estadio Nuevo Corona,Victor Caceres,Match Report,
Apertura 2022 Regular Season,9,Thu,2022-08-18,21:05 (04:05),Atlético,2.0,3–2,2.2,UNAM,18148,Estadio Alfonso Lastras Ramírez,Óscar Macias,Match Report,
Apertura 2022 Regular Season,10,Sat,2022-08-20,17:00 (00:00),Querétaro,0.4,2–0,0.7,Tijuana,,Estadio La Corregidora,Guillermo Pacheco,Match Report,
Apertura 2022 Regular Season,10,Fri,2022-08-19,19:00 (02:00),Necaxa,1.2,0–4,2.5,Guadalajara,14349,Estadio Victoria de Aguascalientes,Oscar Mejia,Match Report,
Apertura 2022 Regular Season,10,Sun,2022-08-21,12:00 (19:00),UNAM,1.3,1–5,3.0,Santos,12530,Estadio Olímpico de Universitario,Marco Ortíz,Match Report,
Apertura 2022 Regular Season,10,Sun,2022-08-21,17:00 (00:00),Atlético,0.9,1–0,1.2,Toluca,10808,Estadio Alfonso Lastras Ramírez,Diego Montaño,Match Report,
Apertura 2022 Regular Season,10,Sat,2022-08-20,19:05 (02:05),Atlas,1.3,1–1,1.4,Puebla,11430,Estadio Jalisco,César Arturo Ramos,Match Report,
Apertura 2022 Regular Season,10,Sat,2022-08-20,19:05 (02:05),Monterrey,0.7,0–0,0.6,UANL,52810,Estadio BBVA Bancomer,Fernando Guerrero,Match Report,
Apertura 2022 Regular Season,10,Sat,2022-08-20,20:05 (04:05),FC Juárez,1.1,1–1,1.0,Mazatlán,11427,Estadio Olímpico Benito Juárez,Daniel Quintero,Match Report,
Apertura 2022 Regular Season,10,Sat,2022-08-20,21:05 (04:05),América,2.4,7–0,0.4,Cruz Azul,45693,Estadio Azteca,Luis Santander,Match Report,
Apertura 2022 Regular Season,10,Sun,2022-08-21,19:05 (02:05),Pachuca,1.7,1–0,0.3,León,5801,Estadio Hidalgo,Ismael Lopez,Match Report,
Apertura 2022 Regular Season,16,Tue,2022-08-23,19:05 (02:05),Guadalajara,1.3,1–0,1.1,Monterrey,34279,Estadio Akron,Luis Santander,Match Report,
Apertura 2022 Regular Season,16,Tue,2022-08-23,21:05 (04:05),Querétaro,1.0,0–1,1.0,América,,Estadio La Corregidora,Victor Caceres,Match Report,
Apertura 2022 Regular Season,16,Wed,2022-08-24,21:05 (04:05),UNAM,0.3,1–1,0.8,UANL,13463,Estadio Olímpico de Universitario,Oscar Mejia,Match Report,
Apertura 2022 Regular Season,16,Thu,2022-08-25,19:05 (02:05),Pachuca,2.1,3–1,0.2,Atlas,5668,Estadio Hidalgo,Fernando Guerrero,Match Report,
Apertura 2022 Regular Season,16,Thu,2022-08-25,19:05 (04:05),Tijuana,1.3,0–2,0.9,Santos,24333,Estadio Caliente,Adonai Escobedo,Match Report,
Apertura 2022 Regular Season,11,Sat,2022-08-27,17:00 (00:00),Cruz Azul,0.8,2–1,1.5,Querétaro,10255,Estadio Azteca,Daniel Quintero,Match Report,
Apertura 2022 Regular Season,11,Fri,2022-08-26,19:00 (02:00),Puebla,2.1,2–2,0.5,FC Juárez,15123,Estadio Cuauhtémoc,Marco Ortíz,Match Report,
Apertura 2022 Regular Season,11,Fri,2022-08-26,20:05 (04:05),Mazatlán,0.2,1–3,1.9,América,18365,Estadio de Mazatlán,Erick Miranda,Match Report,
Apertura 2022 Regular Season,11,Sun,2022-08-28,12:00 (19:00),Toluca,0.7,1–4,1.7,Pachuca,18796,Estadio Nemesio Díez,Guillermo Pacheco,Match Report,
Apertura 2022 Regular Season,11,Sat,2022-08-27,19:05 (02:05),UANL,1.3,0–0,0.6,Necaxa,40103,Estadio Universitario de Nuevo León,Fernando Hernández,Match Report,
Apertura 2022 Regular Season,11,Sat,2022-08-27,21:05 (04:05),Guadalajara,1.3,3–1,0.8,UNAM,35828,Estadio Akron,Diego Montaño,Match Report,
Apertura 2022 Regular Season,11,Sun,2022-08-28,19:00 (02:00),León,2.1,4–2,1.9,Atlas,19481,Estadio León,Óscar Macias,Match Report,
Apertura 2022 Regular Season,11,Sun,2022-08-28,19:05 (04:05),Tijuana,0.8,0–3,1.7,Monterrey,24433,Estadio Caliente,Brian Gonzalez,Match Report,
Apertura 2022 Regular Season,11,Sun,2022-08-28,19:05 (02:05),Santos,2.9,4–1,0.2,Atlético,12053,Estadio Nuevo Corona,Fernando Guerrero,Match Report,
Apertura 2022 Regular Season,12,Thu,2022-09-01,19:00 (02:00),Atlético,0.3,0–0,0.9,Tijuana,9723,Estadio Alfonso Lastras Ramírez,Daniel Quintero,Match Report,
Apertura 2022 Regular Season,12,Thu,2022-09-01,21:05 (04:05),Querétaro,1.2,1–1,1.1,Puebla,,Estadio La Corregidora,Ismael Lopez,Match Report,
Apertura 2022 Regular Season,12,Sat,2022-09-03,17:05 (00:05),Pachuca,1.4,2–0,0.4,Santos,6592,Estadio Hidalgo,Fernando Hernández,Match Report,
Apertura 2022 Regular Season,12,Fri,2022-09-02,19:00 (02:00),Necaxa,1.0,3–2,3.0,León,13799,Estadio Victoria de Aguascalientes,Marco Ortíz,Match Report,
Apertura 2022 Regular Season,12,Fri,2022-09-02,20:05 (04:05),FC Juárez,1.7,2–2,1.6,Cruz Azul,13602,Estadio Olímpico Benito Juárez,Brian Gonzalez,Match Report,
Apertura 2022 Regular Season,12,Sun,2022-09-04,17:30 (00:30),Toluca,0.7,0–0,0.8,Guadalajara,27273,Estadio Nemesio Díez,César Arturo Ramos,Match Report,
Apertura 2022 Regular Season,12,Sat,2022-09-03,19:05 (02:05),Atlas,0.4,0–0,0.8,UNAM,19040,Estadio Jalisco,Luis Santander,Match Report,
Apertura 2022 Regular Season,12,Sat,2022-09-03,19:05 (02:05),Monterrey,1.7,0–0,0.3,Mazatlán,33135,Estadio BBVA Bancomer,Victor Caceres,Match Report,
Apertura 2022 Regular Season,12,Sat,2022-09-03,21:05 (04:05),América,1.6,2–1,1.0,UANL,45384,Estadio Azteca,Diego Montaño,Match Report,
Apertura 2022 Regular Season,13,Tue,2022-09-06,19:00 (02:00),León,1.2,1–0,0.3,FC Juárez,16690,Estadio León,Jorge Camacho,Match Report,
Apertura 2022 Regular Season,13,Tue,2022-09-06,19:05 (02:05),Santos,1.0,3–1,1.7,Necaxa,7979,Estadio Nuevo Corona,Daniel Quintero,Match Report,
Apertura 2022 Regular Season,13,Tue,2022-09-06,21:05 (04:05),América,2.4,3–0,0.6,Atlético,20410,Estadio Azteca,Victor Caceres,Match Report,
Apertura 2022 Regular Season,13,Tue,2022-09-06,21:05 (04:05),Monterrey,1.7,3–2,0.3,Cruz Azul,28371,Estadio BBVA Bancomer,Oscar Mejia,Match Report,
Apertura 2022 Regular Season,13,Wed,2022-09-07,19:00 (02:00),Puebla,0.7,2–2,1.1,Pachuca,11078,Estadio Cuauhtémoc,Adonai Escobedo,Match Report,
Apertura 2022 Regular Season,13,Wed,2022-09-07,19:00 (02:00),UANL,2.6,3–1,1.2,Toluca,37638,Estadio Universitario de Nuevo León,Marco Ortíz,Match Report,
Apertura 2022 Regular Season,13,Wed,2022-09-07,19:05 (04:05),Tijuana,1.5,1–2,0.6,Guadalajara,28333,Estadio Caliente,Guillermo Pacheco,Match Report,
Apertura 2022 Regular Season,13,Wed,2022-09-07,20:00 (04:00),Mazatlán,1.3,1–0,1.6,Atlas,9198,Estadio de Mazatlán,Fernando Hernández,Match Report,
Apertura 2022 Regular Season,13,Wed,2022-09-07,21:05 (04:05),UNAM,2.2,4–1,0.5,Querétaro,7990,Estadio Olímpico de Universitario,César Arturo Ramos,Match Report,
Apertura 2022 Regular Season,14,Sat,2022-09-10,17:00 (00:00),Querétaro,2.3,3–3,0.4,Santos,,Estadio La Corregidora,Luis Santander,Match Report,
Apertura 2022 Regular Season,14,Fri,2022-09-09,20:05 (04:05),FC Juárez,0.5,0–1,0.9,Monterrey,10947,Estadio Olímpico Benito Juárez,Diego Montaño,Match Report,
Apertura 2022 Regular Season,14,Sun,2022-09-11,16:00 (23:00),Cruz Azul,2.3,2–0,0.2,Mazatlán,1153,Estadio Azteca,César Arturo Ramos,Match Report,
Apertura 2022 Regular Season,14,Sun,2022-09-11,18:05 (01:05),Atlas,1.0,1–3,0.6,Atlético,10308,Estadio Jalisco,Oscar Mejia,Match Report,
Apertura 2022 Regular Season,14,Sat,2022-09-10,19:00 (02:00),Necaxa,1.1,1–2,1.0,América,20193,Estadio Victoria de Aguascalientes,Fernando Guerrero,Match Report,
Apertura 2022 Regular Season,14,Sat,2022-09-10,19:05 (02:05),UANL,1.1,0–1,1.0,León,41615,Estadio Universitario de Nuevo León,Adonai Escobedo,Match Report,
Apertura 2022 Regular Season,14,Sat,2022-09-10,21:05 (04:05),Guadalajara,0.8,1–0,0.4,Puebla,24633,Estadio Akron,Daniel Quintero,Match Report,
Apertura 2022 Regular Season,14,Sat,2022-09-10,21:05 (04:05),Toluca,1.2,2–2,1.5,UNAM,27273,Estadio Nemesio Díez,Fernando Hernández,Match Report,
Apertura 2022 Regular Season,14,Sun,2022-09-11,20:05 (03:05),Pachuca,2.1,6–1,1.6,Tijuana,9511,Estadio Hidalgo,Óscar Macias,Match Report,
Apertura 2022 Regular Season,9,Tue,2022-09-13,21:05 (04:05),Guadalajara,1.6,1–4,1.8,UANL,30064,Estadio Akron,Fernando Guerrero,Match Report,
Apertura 2022 Regular Season,8,Wed,2022-09-14,20:05 (04:05),FC Juárez,1.2,2–1,0.9,Pachuca,9733,Estadio Olímpico Benito Juárez,Victor Caceres,Match Report,
Apertura 2022 Regular Season,5,Wed,2022-09-14,21:05 (04:05),América,2.0,3–3,0.7,Santos,2781,Estadio Azteca,Fernando Hernández,Match Report,
Apertura 2022 Regular Season,16,Thu,2022-09-15,19:00 (02:00),Cruz Azul,1.2,2–1,0.4,León,10255,Estadio Azteca,Marco Ortíz,Match Report,
Apertura 2022 Regular Season,15,Fri,2022-09-16,19:00 (02:00),Puebla,0.8,2–1,0.6,UANL,20194,Estadio Cuauhtémoc,César Arturo Ramos,Match Report,
Apertura 2022 Regular Season,15,Fri,2022-09-16,20:00 (04:00),Mazatlán,2.2,1–1,0.9,Toluca,11779,Estadio de Mazatlán,Daniel Quintero,Match Report,
Apertura 2022 Regular Season,15,Sun,2022-09-18,17:00 (00:00),UNAM,2.0,1–2,1.6,Cruz Azul,13463,Estadio Olímpico de Universitario,Fernando Guerrero,Match Report,
Apertura 2022 Regular Season,15,Sat,2022-09-17,19:05 (02:05),Monterrey,0.9,2–0,0.9,Atlas,36124,Estadio BBVA Bancomer,Marco Ortíz,Match Report,
Apertura 2022 Regular Season,15,Sat,2022-09-17,20:00 (03:00),América,2.1,2–1,1.3,Guadalajara,65461,Estadio Azteca,Adonai Escobedo,Match Report,
Apertura 2022 Regular Season,15,Sun,2022-09-18,19:05 (02:05),Santos,2.4,2–0,0.8,FC Juárez,18721,Estadio Nuevo Corona,Óscar Macias,Match Report,
Apertura 2022 Regular Season,15,Sun,2022-09-18,19:05 (02:05),León,0.8,3–1,1.2,Querétaro,20164,Estadio León,Oscar Mejia,Match Report,
Apertura 2022 Regular Season,15,Sun,2022-09-18,19:05 (04:05),Tijuana,1.9,1–1,0.9,Necaxa,24333,Estadio Caliente,Diego Montaño,Match Report,
Apertura 2022 Regular Season,15,Sun,2022-09-18,21:00 (04:00),Atlético,0.9,1–2,1.5,Pachuca,9094,Estadio Alfonso Lastras Ramírez,Luis Santander,Match Report,
Apertura 2022 Regular Season,16,Fri,2022-09-23,19:00 (02:00),Necaxa,1.5,2–2,0.8,Mazatlán,11467,Estadio Victoria de Aguascalientes,Fernando Hernández,Match Report,
Apertura 2022 Regular Season,7,Fri,2022-09-23,21:05 (04:05),Puebla,0.7,2–1,1.3,UNAM,27214,Estadio Cuauhtémoc,Adonai Escobedo,Match Report,
Apertura 2022 Regular Season,17,Sat,2022-10-01,17:00 (00:00),Atlético,0.3,0–3,0.8,UANL,20860,Estadio Alfonso Lastras Ramírez,Oscar Mejia,Match Report,
Apertura 2022 Regular Season,17,Sat,2022-10-01,17:05 (00:05),Monterrey,0.5,0–0,1.0,Pachuca,36382,Estadio BBVA Bancomer,Fernando Hernández,Match Report,
Apertura 2022 Regular Season,17,Fri,2022-09-30,19:00 (02:00),Puebla,0.8,1–2,0.7,América,43362,Estadio Cuauhtémoc,Marco Ortíz,Match Report,
Apertura 2022 Regular Season,17,Fri,2022-09-30,20:00 (04:00),FC Juárez,1.2,3–1,1.8,UNAM,16024,Estadio Olímpico Benito Juárez,Daniel Quintero,Match Report,
Apertura 2022 Regular Season,17,Sun,2022-10-02,12:00 (19:00),Toluca,2.4,4–1,1.8,Querétaro,17402,Estadio Nemesio Díez,Edgar Morales,Match Report,
Apertura 2022 Regular Season,17,Sun,2022-10-02,18:05 (01:05),Santos,2.0,3–0,1.4,Mazatlán,14461,Estadio Nuevo Corona,Adonai Escobedo,Match Report,
Apertura 2022 Regular Season,17,Sat,2022-10-01,19:05 (02:05),Atlas,0.8,1–0,0.6,Necaxa,23649,Estadio Jalisco,Victor Caceres,Match Report,
Apertura 2022 Regular Season,17,Sat,2022-10-01,21:05 (04:05),Cruz Azul,0.9,2–1,0.6,Guadalajara,35378,Estadio Azteca,César Arturo Ramos,Match Report,
Apertura 2022 Regular Season,17,Sun,2022-10-02,20:00 (03:00),León,1.8,2–2,0.7,Tijuana,24024,Estadio León,Luis Santander,Match Report,
Clausura 2023 Regular Season,1,Sat,2023-01-07,17:00 (00:00),América,1.7,0–0,0.4,Querétaro,25856,Estadio Azteca,Victor Caceres,Match Report,
Clausura 2023 Regular Season,1,Fri,2023-01-06,19:00 (02:00),Necaxa,0.5,2–3,1.7,Atlético,12415,Estadio Victoria de Aguascalientes,Fernando Hernández,Match Report,
Clausura 2023 Regular Season,1,Sun,2023-01-08,12:00 (19:00),UNAM,2.4,2–1,1.1,FC Juárez,15886,Estadio Olímpico de Universitario,Óscar Macias,Match Report,
Clausura 2023 Regular Season,1,Sat,2023-01-07,21:10 (04:10),Monterrey,2.2,0–1,0.4,Guadalajara,44498,Estadio BBVA Bancomer,Adonai Escobedo,Match Report,
Clausura 2023 Regular Season,1,Sun,2023-01-08,19:00 (02:00),Santos,1.5,0–3,1.6,UANL,17017,Estadio Nuevo Corona,Oscar Mejia,Match Report,
Clausura 2023 Regular Season,1,Sun,2023-01-08,19:10 (04:10),Tijuana,1.7,1–1,0.7,Cruz Azul,27333,Estadio Caliente,Daniel Quintero,Match Report,
Clausura 2023 Regular Season,1,Mon,2023-01-09,21:10 (04:10),Pachuca,2.7,5–1,1.0,Puebla,20777,Estadio Hidalgo,Diego Montaño,Match Report,
Clausura 2023 Regular Season,2,Thu,2023-01-12,21:05 (04:05),Atlas,3.8,2–1,0.5,Mazatlán,12794,Estadio Jalisco,Ismael Lopez,Match Report,
Clausura 2023 Regular Season,2,Sat,2023-01-14,17:00 (00:00),Cruz Azul,0.9,2–3,1.3,Monterrey,16873,Estadio Azteca,César Arturo Ramos,Match Report,
Clausura 2023 Regular Season,2,Fri,2023-01-13,19:05 (02:05),Atlético,0.5,0–0,0.5,Guadalajara,22117,Estadio Alfonso Lastras Ramírez,Daniel Quintero,Match Report,
Clausura 2023 Regular Season,2,Fri,2023-01-13,21:05 (04:05),Puebla,0.9,2–0,0.5,Querétaro,10613,Estadio Cuauhtémoc,Jorge Camacho,Match Report,
Clausura 2023 Regular Season,2,Sat,2023-01-14,18:05 (02:05),FC Juárez,1.3,3–0,1.5,Tijuana,11921,Estadio Olímpico Benito Juárez,Victor Caceres,Match Report,
Clausura 2023 Regular Season,2,Sat,2023-01-14,19:05 (02:05),Toluca,1.3,2–2,2.2,América,27273,Estadio Nemesio Díez,Fernando Guerrero,Match Report,
Clausura 2023 Regular Season,2,Sat,2023-01-14,21:05 (04:05),Santos,3.3,3–0,1.7,UNAM,16144,Estadio Nuevo Corona,Luis Santander,Match Report,
Clausura 2023 Regular Season,2,Sun,2023-01-15,19:05 (02:05),UANL,2.7,4–1,2.3,Pachuca,41615,Estadio Universitario de Nuevo León,Marco Ortíz,Match Report,
Clausura 2023 Regular Season,2,Mon,2023-01-16,21:05 (04:05),León,0.9,2–1,1.0,Necaxa,24722,Estadio León,Brian Gonzalez,Match Report,
Clausura 2023 Regular Season,3,Sat,2023-01-21,17:06 (00:06),Monterrey,2.4,3–1,1.3,Atlético,40162,Estadio BBVA Bancomer,Fernando Guerrero,Match Report,
Clausura 2023 Regular Season,3,Fri,2023-01-20,19:10 (04:10),Tijuana,0.6,1–1,0.5,UANL,23333,Estadio Caliente,Adonai Escobedo,Match Report,
Clausura 2023 Regular Season,3,Fri,2023-01-20,20:00 (04:00),Mazatlán,1.5,1–2,1.9,Santos,9854,Estadio de Mazatlán,César Arturo Ramos,Match Report,
Clausura 2023 Regular Season,3,Sun,2023-01-22,12:00 (19:00),UNAM,1.8,4–1,1.5,León,17621,Estadio Olímpico de Universitario,Edgar Morales,Match Report,
Clausura 2023 Regular Season,3,Sun,2023-01-22,17:00 (00:00),Querétaro,2.3,3–3,2.4,Atlas,,Estadio La Corregidora,Óscar Macias,Match Report,
Clausura 2023 Regular Season,3,Sat,2023-01-21,19:10 (02:10),América,1.8,2–2,0.7,Puebla,26382,Estadio Azteca,Oscar Mejia,Match Report,
Clausura 2023 Regular Season,3,Sat,2023-01-21,21:10 (04:10),Guadalajara,1.1,1–2,1.5,Toluca,31398,Estadio Akron,Marco Ortíz,Match Report,
Clausura 2023 Regular Season,3,Sat,2023-01-21,21:10 (04:10),Necaxa,0.6,1–0,1.2,Cruz Azul,18114,Estadio Victoria de Aguascalientes,Jorge Camacho,Match Report,
Clausura 2023 Regular Season,3,Sun,2023-01-22,19:10 (02:10),Pachuca,1.5,4–1,0.7,FC Juárez,14474,Estadio Hidalgo,Ismael Lopez,Match Report,
Clausura 2023 Regular Season,4,Thu,2023-01-26,21:05 (04:05),Atlas,1.0,2–2,0.5,Santos,14073,Estadio Jalisco,Marco Ortíz,Match Report,
Clausura 2023 Regular Season,4,Fri,2023-01-27,19:05 (04:05),Tijuana,1.3,0–0,0.1,UNAM,24333,Estadio Caliente,Ismael Lopez,Match Report,
Clausura 2023 Regular Season,4,Fri,2023-01-27,19:05 (02:05),Puebla,1.1,1–2,1.1,Monterrey,14276,Estadio Cuauhtémoc,Jesus Lopez,Match Report,
Clausura 2023 Regular Season,4,Sun,2023-01-29,12:00 (19:00),Toluca,2.4,0–0,1.0,León,20887,Estadio Nemesio Díez,Adonai Escobedo,Match Report,
Clausura 2023 Regular Season,4,Sat,2023-01-28,19:05 (02:05),UANL,1.5,0–0,0.1,Atlético,41615,Estadio Universitario de Nuevo León,Diego Montaño,Match Report,
Clausura 2023 Regular Season,4,Sat,2023-01-28,20:05 (04:05),FC Juárez,1.6,1–2,1.9,Guadalajara,17009,Estadio Olímpico Benito Juárez,César Arturo Ramos,Match Report,
Clausura 2023 Regular Season,4,Sat,2023-01-28,21:05 (04:05),América,3.1,6–0,0.5,Mazatlán,22588,Estadio Azteca,Luis Santander,Match Report,
Clausura 2023 Regular Season,4,Sun,2023-01-29,19:00 (02:00),Pachuca,2.6,2–1,1.4,Necaxa,18103,Estadio Hidalgo,Victor Caceres,Match Report,
Clausura 2023 Regular Season,1,Wed,2023-02-01,20:05 (03:05),Atlas,0.5,0–0,0.9,Toluca,14786,Estadio Jalisco,Luis Santander,Match Report,
Clausura 2023 Regular Season,5,Thu,2023-02-02,21:00 (04:00),Atlético,1.8,2–0,0.8,Puebla,12409,Estadio Alfonso Lastras Ramírez,Adonai Escobedo,Match Report,
Clausura 2023 Regular Season,5,Sat,2023-02-04,17:00 (00:00),León,1.1,0–1,0.7,Pachuca,22643,Estadio León,Guillermo Pacheco,Match Report,
Clausura 2023 Regular Season,5,Fri,2023-02-03,19:00 (02:00),Necaxa,0.8,1–1,0.8,Tijuana,12225,Estadio Victoria de Aguascalientes,César Arturo Ramos,Match Report,
Clausura 2023 Regular Season,5,Fri,2023-02-03,20:05 (04:05),Mazatlán,1.5,2–3,0.8,FC Juárez,17023,Estadio de Mazatlán,Marco Ortíz,Match Report,
Clausura 2023 Regular Season,5,Sun,2023-02-05,12:00 (19:00),UNAM,2.4,2–2,1.1,Atlas,15515,Estadio Olímpico de Universitario,Daniel Quintero,Match Report,
Clausura 2023 Regular Season,5,Sun,2023-02-05,17:05 (00:05),Guadalajara,1.2,1–1,0.7,Querétaro,26686,Estadio Akron,Edgar Morales,Match Report,
Clausura 2023 Regular Season,5,Sat,2023-02-04,19:05 (02:05),Cruz Azul,1.2,0–1,1.2,UANL,20164,Estadio Azteca,Luis Santander,Match Report,
Clausura 2023 Regular Season,5,Sat,2023-02-04,21:05 (04:05),Santos,0.9,2–2,2.6,América,25746,Estadio Nuevo Corona,Diego Montaño,Match Report,
Clausura 2023 Regular Season,5,Sun,2023-02-05,19:10 (02:10),Monterrey,1.7,2–1,0.9,Toluca,48788,Estadio BBVA Bancomer,Victor Caceres,Match Report,
Clausura 2023 Regular Season,6,Thu,2023-02-09,19:05 (02:05),Querétaro,0.7,0–3,1.9,León,,Estadio La Corregidora,Jesus Lopez,Match Report,
Clausura 2023 Regular Season,6,Thu,2023-02-09,21:05 (04:05),Atlas,0.7,0–2,1.5,Monterrey,12465,Estadio Jalisco,Oscar Mejia,Match Report,
Clausura 2023 Regular Season,6,Sat,2023-02-11,17:00 (00:00),América,3.2,2–1,0.7,Necaxa,40125,Estadio Azteca,Ismael Lopez,Match Report,
Clausura 2023 Regular Season,6,Fri,2023-02-10,19:00 (02:00),Puebla,2.3,3–1,1.3,Mazatlán,10290,Estadio Cuauhtémoc,Edgar Morales,Match Report,
Clausura 2023 Regular Season,6,Fri,2023-02-10,19:10 (04:10),Tijuana,1.1,1–0,0.7,Atlético,21333,Estadio Caliente,Luis Santander,Match Report,
Clausura 2023 Regular Season,6,Sun,2023-02-12,12:00 (19:00),Toluca,1.4,3–1,2.0,Cruz Azul,27273,Estadio Nemesio Díez,Marco Ortíz,Match Report,
Clausura 2023 Regular Season,6,Sat,2023-02-11,18:05 (02:05),FC Juárez,1.7,3–1,1.3,Santos,13356,Estadio Olímpico Benito Juárez,Guillermo Pacheco,Match Report,
Clausura 2023 Regular Season,6,Sat,2023-02-11,19:05 (02:05),UANL,2.8,4–2,1.0,UNAM,41615,Estadio Universitario de Nuevo León,Fernando Hernández,Match Report,
Clausura 2023 Regular Season,6,Sat,2023-02-11,21:05 (04:05),Pachuca,1.1,1–1,1.3,Guadalajara,13681,Estadio Hidalgo,Adonai Escobedo,Match Report,
Clausura 2023 Regular Season,7,Tue,2023-02-14,19:05 (02:05),León,3.2,2–0,0.2,Puebla,24518,Estadio León,Óscar Macias,Match Report,
Clausura 2023 Regular Season,7,Tue,2023-02-14,19:05 (02:05),UANL,1.3,0–0,0.4,FC Juárez,39246,Estadio Universitario de Nuevo León,César Arturo Ramos,Match Report,
Clausura 2023 Regular Season,7,Tue,2023-02-14,21:05 (04:05),Atlético,0.7,1–3,1.9,América,22240,Estadio Alfonso Lastras Ramírez,Fernando Hernández,Match Report,
Clausura 2023 Regular Season,7,Wed,2023-02-15,19:05 (02:05),Guadalajara,2.2,2–1,1.0,Tijuana,19078,Estadio Akron,Diego Montaño,Match Report,
Clausura 2023 Regular Season,7,Wed,2023-02-15,19:05 (02:05),Monterrey,1.6,2–0,0.8,Querétaro,41660,Estadio BBVA Bancomer,Brian Gonzalez,Match Report,
Clausura 2023 Regular Season,7,Wed,2023-02-15,21:05 (04:05),Necaxa,0.7,3–1,1.5,UNAM,13581,Estadio Victoria de Aguascalientes,Fernando Guerrero,Match Report,
Clausura 2023 Regular Season,7,Thu,2023-02-16,20:00 (04:00),Mazatlán,1.4,2–3,1.3,Pachuca,8819,Estadio de Mazatlán,Erick Miranda,Match Report,
Clausura 2023 Regular Season,8,Sat,2023-02-18,17:00 (00:00),Atlético,0.9,1–1,1.9,Santos,15518,Estadio Alfonso Lastras Ramírez,Oscar Mejia,Match Report,
Clausura 2023 Regular Season,8,Sat,2023-02-18,17:06 (00:06),Monterrey,2.7,2–1,0.9,Necaxa,44132,Estadio BBVA Bancomer,Guillermo Pacheco,Match Report,
Clausura 2023 Regular Season,8,Fri,2023-02-17,18:06 (02:06),FC Juárez,0.2,0–0,0.3,León,10229,Estadio Olímpico Benito Juárez,Ismael Lopez,Match Report,
Clausura 2023 Regular Season,8,Fri,2023-02-17,21:05 (04:05),Puebla,1.9,1–3,1.7,Cruz Azul,21927,Estadio Cuauhtémoc,Eduardo Galván,Match Report,
Clausura 2023 Regular Season,8,Sun,2023-02-19,17:00 (00:00),Querétaro,1.1,1–1,0.9,Mazatlán,,Estadio La Corregidora,Fernando Hernández,Match Report,
Clausura 2023 Regular Season,8,Sat,2023-02-18,19:05 (02:05),Atlas,0.7,0–1,1.3,UANL,17315,Estadio Jalisco,Adonai Escobedo,Match Report,
Clausura 2023 Regular Season,8,Sat,2023-02-18,21:05 (04:05),UNAM,2.7,1–2,0.8,Guadalajara,42823,Estadio Olímpico de Universitario,Marco Ortíz,Match Report,
Clausura 2023 Regular Season,8,Sun,2023-02-19,19:05 (02:05),América,1.7,2–1,1.1,Tijuana,31012,Estadio Azteca,Fernando Guerrero,Match Report,
Clausura 2023 Regular Season,8,Sun,2023-02-19,21:05 (04:05),Pachuca,1.7,1–2,2.0,Toluca,10281,Estadio Hidalgo,Luis Santander,Match Report,
Clausura 2023 Regular Season,7,Wed,2023-02-22,20:05 (03:05),Cruz Azul,1.0,1–0,0.4,Atlas,39254,Estadio Azteca,César Arturo Ramos,Match Report,
Clausura 2023 Regular Season,7,Thu,2023-02-23,20:05 (03:05),Santos,1.3,0–5,2.1,Toluca,16470,Estadio Nuevo Corona,Fernando Guerrero,Match Report,
Clausura 2023 Regular Season,9,Sat,2023-02-25,17:00 (00:00),Cruz Azul,1.7,1–0,0.5,FC Juárez,25497,Estadio Azteca,Óscar Macias,Match Report,
Clausura 2023 Regular Season,9,Fri,2023-02-24,19:05 (02:05),Necaxa,1.0,1–1,1.1,Querétaro,12035,Estadio Victoria de Aguascalientes,Marco Ortíz,Match Report,
Clausura 2023 Regular Season,9,Fri,2023-02-24,20:10 (04:10),Mazatlán,0.9,1–2,2.0,UNAM,9970,Estadio de Mazatlán,Eduardo Galván,Match Report,
Clausura 2023 Regular Season,9,Sun,2023-02-26,12:00 (19:00),Toluca,1.2,2–0,1.3,Atlético,19610,Estadio Nemesio Díez,Jorge Camacho,Match Report,
Clausura 2023 Regular Season,9,Sat,2023-02-25,19:05 (02:05),UANL,1.8,1–2,0.9,Guadalajara,41615,Estadio Universitario de Nuevo León,Daniel Quintero,Match Report,
Clausura 2023 Regular Season,9,Sat,2023-02-25,21:05 (04:05),Atlas,0.4,2–2,1.3,América,29814,Estadio Jalisco,Luis Santander,Match Report,
Clausura 2023 Regular Season,9,Sun,2023-02-26,19:05 (02:05),Santos,3.1,3–2,1.7,Puebla,14662,Estadio Nuevo Corona,Brian Gonzalez,Match Report,
Clausura 2023 Regular Season,9,Sun,2023-02-26,19:05 (04:05),Tijuana,1.6,2–0,1.2,Pachuca,22333,Estadio Caliente,Fernando Hernández,Match Report,
Clausura 2023 Regular Season,9,Mon,2023-02-27,21:10 (04:10),León,0.6,1–1,1.4,Monterrey,20134,Estadio León,César Arturo Ramos,Match Report,
Clausura 2023 Regular Season,10,Sat,2023-03-04,17:00 (00:00),León,2.1,2–0,0.8,Atlético,20777,Estadio León,Fernando Guerrero,Match Report,
Clausura 2023 Regular Season,10,Fri,2023-03-03,18:05 (02:05),Mazatlán,0.8,3–1,0.5,Cruz Azul,12041,Estadio de Mazatlán,Jesus Lopez,Match Report,
Clausura 2023 Regular Season,10,Fri,2023-03-03,19:05 (02:05),Necaxa,0.9,0–1,0.6,UANL,14822,Estadio Victoria de Aguascalientes,Fernando Hernández,Match Report,
Clausura 2023 Regular Season,10,Fri,2023-03-03,19:15 (04:15),Tijuana,0.8,1–1,1.6,Atlas,24533,Estadio Caliente,Daniel Quintero,Match Report,
Clausura 2023 Regular Season,10,Sun,2023-03-05,12:00 (19:00),UNAM,2.1,2–4,2.6,Puebla,11851,Estadio Olímpico de Universitario,César Arturo Ramos,Match Report,
Clausura 2023 Regular Season,10,Sat,2023-03-04,19:05 (02:05),América,1.2,0–3,1.2,Pachuca,46273,Estadio Azteca,Adonai Escobedo,Match Report,
Clausura 2023 Regular Season,10,Sat,2023-03-04,19:10 (02:10),Monterrey,1.2,3–0,0.7,FC Juárez,41871,Estadio BBVA Bancomer,Luis Santander,Match Report,
Clausura 2023 Regular Season,10,Sat,2023-03-04,21:05 (04:05),Guadalajara,1.1,2–0,0.8,Santos,35004,Estadio Akron,Victor Caceres,Match Report,
Clausura 2023 Regular Season,10,Sun,2023-03-05,19:05 (02:05),Querétaro,0.3,1–0,1.3,Toluca,,Estadio La Corregidora,Óscar Macias,Match Report,
Clausura 2023 Regular Season,11,Sat,2023-03-11,17:00 (00:00),Atlas,1.1,0–1,1.0,León,11555,Estadio Jalisco,Marco Ortíz,Match Report,
Clausura 2023 Regular Season,11,Fri,2023-03-10,19:05 (02:05),Atlético,1.2,2–0,0.9,Querétaro,12798,Estadio Alfonso Lastras Ramírez,César Arturo Ramos,Match Report,
Clausura 2023 Regular Season,11,Fri,2023-03-10,21:05 (04:05),Puebla,1.1,1–0,1.7,Guadalajara,30132,Estadio Cuauhtémoc,Oscar Mejia,Match Report,
Clausura 2023 Regular Season,11,Sun,2023-03-12,12:00 (19:00),Toluca,3.0,4–1,0.2,Mazatlán,23633,Estadio Nemesio Díez,Luis Santander,Match Report,
Clausura 2023 Regular Season,11,Sat,2023-03-11,19:05 (02:05),Cruz Azul,1.2,1–0,0.4,UNAM,23499,Estadio Azteca,Daniel Quintero,Match Report,
Clausura 2023 Regular Season,11,Sat,2023-03-11,21:10 (04:10),UANL,0.7,0–2,1.4,América,41615,Estadio Universitario de Nuevo León,Victor Caceres,Match Report,
Clausura 2023 Regular Season,11,Sun,2023-03-12,19:05 (02:05),Santos,1.9,3–2,1.3,Tijuana,13797,Estadio Nuevo Corona,Ismael Lopez,Match Report,
Clausura 2023 Regular Season,11,Sun,2023-03-12,19:05 (02:05),Pachuca,0.7,1–2,0.7,Monterrey,13393,Estadio Hidalgo,Fernando Guerrero,Match Report,
Clausura 2023 Regular Season,11,Sun,2023-03-12,21:15 (04:15),FC Juárez,1.1,1–1,1.4,Necaxa,11272,Estadio Olímpico Benito Juárez,Erick Miranda,Match Report,
Clausura 2023 Regular Season,12,Sat,2023-03-18,17:00 (00:00),Cruz Azul,2.0,1–0,0.9,Atlético,20941,Estadio Azteca,Guillermo Pacheco,Match Report,
Clausura 2023 Regular Season,12,Fri,2023-03-17,19:00 (02:00),Puebla,1.0,0–4,0.9,Atlas,15711,Estadio Cuauhtémoc,Óscar Macias,Match Report,
Clausura 2023 Regular Season,12,Fri,2023-03-17,20:05 (04:05),Mazatlán,0.3,0–1,1.0,Necaxa,12205,Estadio de Mazatlán,Daniel Quintero,Match Report,
Clausura 2023 Regular Season,12,Fri,2023-03-17,20:05 (04:05),Tijuana,1.7,3–3,0.6,Toluca,24833,Estadio Caliente,Edgar Morales,Match Report,
Clausura 2023 Regular Season,12,Sun,2023-03-19,12:00 (19:00),UNAM,0.6,0–2,2.7,Pachuca,12478,Estadio Olímpico de Universitario,Victor Caceres,Match Report,
Clausura 2023 Regular Season,12,Sat,2023-03-18,19:05 (02:05),UANL,1.3,0–1,1.1,Monterrey,41615,Estadio Universitario de Nuevo León,César Arturo Ramos,Match Report,
Clausura 2023 Regular Season,12,Sat,2023-03-18,21:10 (04:10),Guadalajara,1.6,2–4,1.4,América,38834,Estadio Akron,Marco Ortíz,Match Report,
Clausura 2023 Regular Season,12,Sun,2023-03-19,19:05 (02:05),Querétaro,1.9,2–2,1.2,FC Juárez,18518,Estadio La Corregidora,Fernando Guerrero,Match Report,
Clausura 2023 Regular Season,12,Sun,2023-03-19,21:05 (04:05),León,1.9,4–1,1.2,Santos,20113,Estadio León,Adonai Escobedo,Match Report,
Clausura 2023 Regular Season,1,Fri,2023-03-24,20:05 (04:05),Mazatlán,1.2,1–2,1.5,León,10005,Estadio de Mazatlán,Marco Ortíz,Match Report,
Clausura 2023 Regular Season,4,Wed,2023-03-29,21:05 (05:05),Querétaro,1.3,2–2,1.7,Cruz Azul,21518,Estadio La Corregidora,Oscar Mejia,Match Report,
Clausura 2023 Regular Season,13,Sat,2023-04-01,17:00 (01:00),Pachuca,1.1,0–2,1.1,Cruz Azul,18024,Estadio Hidalgo,Luis Santander,Match Report,
Clausura 2023 Regular Season,13,Fri,2023-03-31,19:05 (03:05),Necaxa,0.7,0–0,1.0,Santos,13175,Estadio Victoria de Aguascalientes,Edgar Morales,Match Report,
Clausura 2023 Regular Season,13,Fri,2023-03-31,21:00 (05:00),FC Juárez,0.9,0–2,1.3,Puebla,12138,Estadio Olímpico Benito Juárez,Diego Montaño,Match Report,
Clausura 2023 Regular Season,13,Sun,2023-04-02,13:00 (20:00),Toluca,0.9,3–2,2.0,UANL,27073,Estadio Nemesio Díez,Marco Ortíz,Match Report,
Clausura 2023 Regular Season,13,Sun,2023-04-02,18:00 (01:00),Atlético,1.8,2–1,1.8,Mazatlán,14766,Estadio Alfonso Lastras Ramírez,Erick Miranda,Match Report,
Clausura 2023 Regular Season,13,Sat,2023-04-01,19:05 (03:05),América,1.2,2–2,2.0,León,37384,Estadio Azteca,Fernando Hernández,Match Report,
Clausura 2023 Regular Season,13,Sat,2023-04-01,19:15 (03:15),Monterrey,3.4,4–0,0.2,Tijuana,40103,Estadio BBVA Bancomer,Óscar Macias,Match Report,
Clausura 2023 Regular Season,13,Sat,2023-04-01,21:10 (05:10),Atlas,2.2,3–3,1.6,Guadalajara,27955,Estadio Jalisco,César Arturo Ramos,Match Report,
Clausura 2023 Regular Season,13,Sun,2023-04-02,20:05 (03:05),Querétaro,1.2,1–0,1.3,UNAM,17890,Estadio La Corregidora,Adonai Escobedo,Match Report,
Clausura 2023 Regular Season,14,Sat,2023-04-08,18:00 (01:00),Guadalajara,1.6,1–0,0.9,Necaxa,35000,Estadio Akron,Brian Gonzalez,Match Report,
Clausura 2023 Regular Season,14,Fri,2023-04-07,20:05 (03:05),Puebla,1.1,1–2,1.9,Toluca,21500,Estadio Cuauhtémoc,Ismael Lopez,Match Report,
Clausura 2023 Regular Season,14,Fri,2023-04-07,20:10 (05:10),Tijuana,1.9,1–2,1.4,Querétaro,20233,Estadio Caliente,Luis Santander,Match Report,
Clausura 2023 Regular Season,14,Sun,2023-04-09,13:00 (20:00),UNAM,1.7,3–1,1.5,Atlético,11550,Estadio Olímpico de Universitario,Oscar Mejia,Match Report,
Clausura 2023 Regular Season,14,Sat,2023-04-08,20:05 (03:05),León,1.4,0–0,1.0,Cruz Azul,24711,Estadio León,Diego Montaño,Match Report,
Clausura 2023 Regular Season,14,Sat,2023-04-08,20:05 (03:05),UANL,2.9,1–2,1.2,Mazatlán,28879,Estadio Universitario de Nuevo León,Fernando Guerrero,Match Report,
Clausura 2023 Regular Season,14,Sat,2023-04-08,22:10 (05:10),América,1.9,2–1,1.5,Monterrey,49974,Estadio Azteca,Victor Caceres,Match Report,
Clausura 2023 Regular Season,14,Sun,2023-04-09,19:05 (02:05),Santos,2.1,1–4,1.2,Pachuca,17253,Estadio Nuevo Corona,Óscar Macias,Match Report,
Clausura 2023 Regular Season,14,Sun,2023-04-09,20:10 (04:10),FC Juárez,1.4,1–1,1.1,Atlas,12264,Estadio Olímpico Benito Juárez,Adonai Escobedo,Match Report,
Clausura 2023 Regular Season,15,Thu,2023-04-13,22:05 (05:05),Atlético,0.9,2–0,1.4,FC Juárez,10832,Estadio Alfonso Lastras Ramírez,Luis Santander,Match Report,
Clausura 2023 Regular Season,15,Sat,2023-04-15,18:00 (01:00),Atlas,2.5,4–1,2.1,Pachuca,16307,Estadio Jalisco,Edgar Morales,Match Report,
Clausura 2023 Regular Season,15,Fri,2023-04-14,20:05 (03:05),Necaxa,0.8,1–1,1.7,Puebla,11161,Estadio Victoria de Aguascalientes,Adonai Escobedo,Match Report,
Clausura 2023 Regular Season,15,Fri,2023-04-14,21:05 (05:05),Mazatlán,0.7,1–2,3.2,Tijuana,10139,Estadio de Mazatlán,César Arturo Ramos,Match Report,
Clausura 2023 Regular Season,15,Sun,2023-04-16,13:00 (20:00),UNAM,1.7,3–1,1.4,Toluca,20899,Estadio Olímpico de Universitario,Diego Montaño,Match Report,
Clausura 2023 Regular Season,15,Sun,2023-04-16,18:00 (01:00),Querétaro,1.1,0–0,0.5,UANL,17988,Estadio La Corregidora,Óscar Macias,Match Report,
Clausura 2023 Regular Season,15,Sat,2023-04-15,20:05 (03:05),León,1.5,0–2,1.7,Guadalajara,24737,Estadio León,Victor Caceres,Match Report,
Clausura 2023 Regular Season,15,Sat,2023-04-15,22:10 (05:10),Cruz Azul,0.9,1–3,1.5,América,66364,Estadio Azteca,Fernando Guerrero,Match Report,
Clausura 2023 Regular Season,15,Sun,2023-04-16,20:10 (03:10),Monterrey,1.2,1–2,2.0,Santos,45166,Estadio BBVA Bancomer,Marco Ortíz,Match Report,
Clausura 2023 Regular Season,16,Thu,2023-04-20,21:05 (04:05),UANL,3.0,1–0,0.4,Puebla,32737,Estadio Universitario de Nuevo León,Erick Miranda,Match Report,
Clausura 2023 Regular Season,16,Sat,2023-04-22,18:00 (01:00),Pachuca,2.5,2–1,0.7,Atlético,12929,Estadio Hidalgo,Daniel Quintero,Match Report,
Clausura 2023 Regular Season,16,Fri,2023-04-21,19:00 (03:00),Mazatlán,1.3,0–2,2.9,Monterrey,11440,Estadio de Mazatlán,Luis Santander,Match Report,
Clausura 2023 Regular Season,16,Fri,2023-04-21,20:05 (03:05),Necaxa,0.9,1–3,2.0,Atlas,15327,Estadio Victoria de Aguascalientes,Victor Caceres,Match Report,
Clausura 2023 Regular Season,16,Fri,2023-04-21,20:15 (05:15),Tijuana,1.1,0–0,1.0,León,25333,Estadio Caliente,Edgar Morales,Match Report,
Clausura 2023 Regular Season,16,Sun,2023-04-23,13:00 (20:00),Toluca,3.0,1–1,1.3,FC Juárez,27011,Estadio Nemesio Díez,Fernando Guerrero,Match Report,
Clausura 2023 Regular Season,16,Sat,2023-04-22,20:05 (03:05),Guadalajara,1.0,2–1,0.7,Cruz Azul,33456,Estadio Akron,Adonai Escobedo,Match Report,
Clausura 2023 Regular Season,16,Sat,2023-04-22,22:10 (05:10),América,1.4,1–1,1.0,UNAM,60332,Estadio Azteca,César Arturo Ramos,Match Report,
Clausura 2023 Regular Season,16,Sun,2023-04-23,20:05 (03:05),Santos,0.9,0–2,0.4,Querétaro,17195,Estadio Nuevo Corona,Jorge Camacho,Match Report,
Clausura 2023 Regular Season,17,Sat,2023-04-29,18:00 (01:00),Puebla,2.0,5–2,0.8,Tijuana,15001,Estadio Cuauhtémoc,Diego Montaño,Match Report,
Clausura 2023 Regular Season,17,Fri,2023-04-28,21:05 (05:05),FC Juárez,1.7,0–1,1.5,América,19314,Estadio Olímpico Benito Juárez,Daniel Quintero,Match Report,
Clausura 2023 Regular Season,17,Sun,2023-04-30,13:00 (20:00),Toluca,3.4,3–0,0.7,Necaxa,27273,Estadio Nemesio Díez,César Arturo Ramos,Match Report,
Clausura 2023 Regular Season,17,Sun,2023-04-30,18:00 (01:00),Querétaro,0.4,0–1,2.1,Pachuca,17590,Estadio La Corregidora,Victor Caceres,Match Report,
Clausura 2023 Regular Season,17,Sat,2023-04-29,20:00 (03:00),Atlético,2.2,0–0,0.9,Atlas,19003,Estadio Alfonso Lastras Ramírez,Marco Ortíz,Match Report,
Clausura 2023 Regular Season,17,Sat,2023-04-29,20:05 (03:05),Guadalajara,0.9,4–1,0.8,Mazatlán,34823,Estadio Akron,Oscar Mejia,Match Report,
Clausura 2023 Regular Season,17,Sat,2023-04-29,20:05 (03:05),Monterrey,3.1,4–1,1.0,UNAM,45915,Estadio BBVA Bancomer,Óscar Macias,Match Report,
Clausura 2023 Regular Season,17,Sat,2023-04-29,22:05 (05:05),Cruz Azul,1.4,3–2,2.0,Santos,21298,Estadio Azteca,Luis Santander,Match Report,
Clausura 2023 Regular Season,17,Sun,2023-04-30,20:05 (03:05),León,0.8,3–0,0.5,UANL,24163,Estadio León,Fernando Guerrero,Match Report,